INSERT INTO public.users (id, created_at, updated_at, display_name, avatar_url, username, location, bio, website, email, full_name, address_index, pubkey, mnemonic, address, gaid, amp_mnemonic, multisig, amp_user_id) VALUES ('d1ab8551-7a37-4cfa-8505-745ba5ff5452', '2021-01-28 22:31:11.560639+00', '2021-02-03 23:47:13.338404+00', 'bob@liquidart.com', NULL, 'bob', NULL, NULL, NULL, NULL, 'bob', 0, 'tpubDG7WFQARSpDHaYwpy3zVAeVaGDauiui8MjVddN3XY9oeM7FttfYRSiU25gDsj5XgYkN47LjZV2s68NLC5qx5z3pu2b84FxDvLDYmY9ZFuB6', 'U2FsdGVkX197s00PK2atvd61b/ZdJCXRFPh4/kI3LvZya59eyfy/M9oGEfkj2X8HbIsBvagHTT8f1tdmqoYY+mk/anquiCJzAotFnQBUwrt1RTxJ1v+RAX3yPS7NflBxDgf+EnMxJFCj5r0BurdcKA==', 'XRjY8H2LHVj21Qo4unXA23n2n88kxnwsQP', NULL, NULL, 'XaKJTghbf6ciZXjYamvwyUHkGqeNoD14dE', NULL);
INSERT INTO public.users (id, created_at, updated_at, display_name, avatar_url, username, location, bio, website, email, full_name, address_index, pubkey, mnemonic, address, gaid, amp_mnemonic, multisig, amp_user_id) VALUES ('74fa9ed3-361c-4075-ab27-e390ccc21cb1', '2021-02-04 04:14:39.246219+00', '2021-02-04 04:14:39.246219+00', 'charlie@liquidart.com', NULL, 'charlie', NULL, NULL, NULL, NULL, 'charlie', 0, 'tpubDHGB4XKPFKvDV7H8RbBsqH73cHbYCo2Ef8qqwVNGaXMDVFsj8pewC76BbMiGVZmJ3gP23A3twLGciSkGBdeWU9CUvPv34zTrP5bW4WYBcdY', 'U2FsdGVkX1/oZsFG27pGEtnRrvj0zxMErHKJ3NfkPU995KqOVxESVj+dr+eJZ+CFW46Q/KSa9fToFrFuujcuLNyt9HidCwpdWXmmnpPZ99Lr/zy9b2yIJVuwlOfV3pWu', 'XVX8ntuNEH1FWhNQQv1QLF1Fmrn7pnGL5i', NULL, NULL, 'XDepkUbFkyi9Bxjk6XLQuwWZCiomPBoHow', NULL);
INSERT INTO public.users (id, created_at, updated_at, display_name, avatar_url, username, location, bio, website, email, full_name, address_index, pubkey, mnemonic, address, gaid, amp_mnemonic, multisig, amp_user_id) VALUES ('1a261999-c4eb-4ad6-b8dc-62e9cef9a4b5', '2021-01-28 21:20:46.065876+00', '2021-02-04 04:29:18.545911+00', 'anon@liquidart.com', '/api/storage/o/public/how-the-grinch-stole-christmas-remake.jpg', 'anon', NULL, 'I love things', NULL, NULL, 'anon', 0, 'tpubDH23Q1vQHCQMN5CbRLo9ayWhquhqeWv23ENj18YLrYJZ3oAQVYkoMN77vpsigg7M4zk2GBQDt2YTw76K2ZWndjdGBCjwZHNTwzrcpMXpCcn', 'U2FsdGVkX1+xXcysdoyJUG2mk7Lll5UAp25IOcrUT6E0DGaX+tHfI8McnQEHoGfg5u6RBRHkc9Hyxj4qwpnucqo/XKAsnVDOXYarnYUEmzCJ6Snd+Jjmd8S1oYUTMQN0', 'XY15w9NNhW2ZiwLHTVXhro33J3f9kENpYT', NULL, NULL, 'XCSTwX2XgXXNuH7CQrFCoXLfVeevxT2Jru', NULL);
INSERT INTO public.users (id, created_at, updated_at, display_name, avatar_url, username, location, bio, website, email, full_name, address_index, pubkey, mnemonic, address, gaid, amp_mnemonic, multisig, amp_user_id) VALUES ('3be4ce71-7022-4708-b949-fbfb8b88ccef', '2021-02-06 05:13:34.296248+00', '2021-02-06 05:13:34.296248+00', 'joe@liquidart.com', NULL, 'joe', NULL, NULL, NULL, NULL, 'joe', 0, 'tpubDHLZX4v6FowZE5BnevgnQx9GmX3RiqN6D73ihtiNnLRbhM9kmSQwcK3FtYnwLAiPcBJkBMGpVspCwypHB15x1bsJe5XfLdm9pSH99ef9Dem', 'U2FsdGVkX19CZZ275zlegAlHiZcjZYkhuIuYP22i68k+TL60CHfRdzhlpCBe/jVQs7tyLedDJTX32cOSgsgQ7TurNKedM9as6rEsFNKKn1MPWh7HHbFK3NcevYCaK3X8H4pVoHHT4FBKAix3S3RZEg==', 'XYXXrByz5CVzK3XQi3QxVBbPrrhg9AMXGg', NULL, NULL, 'XD7VfpEZMaZmsk5jBxnq4ETapkzjZc9YJY', NULL);
INSERT INTO public.users (id, created_at, updated_at, display_name, avatar_url, username, location, bio, website, email, full_name, address_index, pubkey, mnemonic, address, gaid, amp_mnemonic, multisig, amp_user_id) VALUES ('5acb90ed-55d3-474e-9b56-1704b309b7a8', '2021-01-28 23:27:05.878298+00', '2021-01-28 23:27:05.878298+00', 'don@liquidart.com', NULL, 'don', NULL, NULL, NULL, NULL, 'don', 0, 'tpubDGZtWfhRAX4VjfX6KZUBPY8XAosTT65k3BMHVSbL5S1aXUy3kv89vsi1hzRMm9NQftgmxYVdmr4jnUZJKwpMDKU1CErECcJc7Pp9itKWH9U', 'U2FsdGVkX19CeMUt9YkkirE+/7SmE5K2SPTX00OAYamotyMbfluRlVV5A0pChQ0Iy7J4B1FWJqALLDiGUFOvrdJrYanRyLSc/2pe9il1PHBvjjkl53unQ4igC59oQYzx', 'XRMWSddLnJFe7xVAeb8WyzuVhSt4kRxRkc', NULL, NULL, 'XUzrC5sYv5aBjpZB7U9JKanhA4fzkuSFRK', NULL);
INSERT INTO public.users (id, created_at, updated_at, display_name, avatar_url, username, location, bio, website, email, full_name, address_index, pubkey, mnemonic, address, gaid, amp_mnemonic, multisig, amp_user_id) VALUES ('603d9fbf-9fde-4517-b9be-bc9f0c1d1b3d', '2021-01-28 23:28:26.264718+00', '2021-01-28 23:28:26.264718+00', 'ron@liquidart.com', NULL, 'ron', NULL, NULL, NULL, NULL, 'ron', 0, 'tpubDHZGz24m6hFJMANirvQtWqBVrRDFsFUxtVH2vcadnmURioMrRmVwFP6U6JNMdJApgKptxGEMF9j4QZ476Vf8QzqZ9PbLAjXrjFbaP7JtSxP', 'U2FsdGVkX1/ImEv1/KxISzQbzUCEEOX6lbfU+AWqVM2Kcjgy8osTa/98V5Ypz0BoGSWesG6hfwiQqIi3zsjiZHA3VhkI0M0raC4kYQFUXjnvYeLuIlC0epvqIBO6ByOj', 'XBc5YGrLT5Umb9utdeCNV3Rfqhrzk1cQbE', NULL, NULL, 'XBerBuFZHAYerpVStrrPBUETaCmJhfxy8j', NULL);
INSERT INTO public.users (id, created_at, updated_at, display_name, avatar_url, username, location, bio, website, email, full_name, address_index, pubkey, mnemonic, address, gaid, amp_mnemonic, multisig, amp_user_id) VALUES ('97ad8785-d7f9-4b4f-887e-e935cc767033', '2021-02-06 05:14:42.48046+00', '2021-02-06 05:14:42.48046+00', 'jon@liquidart.com', NULL, 'jon', NULL, NULL, NULL, NULL, 'jon', 0, 'tpubDGJrh2evMWF8byDNPFLp52Q97PV611yy9nxT2dETb8F74Z6mFjWyiBvnqwXhgwQBfK31tzPhUxCb7zMVejyDYkrnnjM5sHPydZJoPbSRtKQ', 'U2FsdGVkX1/7kL1lc6v5IiGhy/vh4Gh1xPkRSo5kylzftd8Oqvq3FdOV1nwaEOuDebdnonCdJhjBlgXOYWDyOlQLJHFLPVP6rSh5fmmgpBociSV8txG+INQo9/1/nChosv4x9MiIC1Se4ZmvZKAwTg==', 'XCky4UcSpruQL1VCw12kUvZbh4TBo5nWQB', NULL, NULL, 'XWjcDEcwaY7Aa2rTKswt3PdF4RfuNLWMRE', NULL);
INSERT INTO public.users (id, created_at, updated_at, display_name, avatar_url, username, location, bio, website, email, full_name, address_index, pubkey, mnemonic, address, gaid, amp_mnemonic, multisig, amp_user_id) VALUES ('1e78bcbc-d470-430d-a4c8-17b01aab2639', '2021-02-03 02:30:23.874484+00', '2021-02-03 02:30:23.874484+00', 'anonc@liquidart.com', NULL, 'anonc', NULL, NULL, NULL, NULL, 'anonc', 0, 'tpubDFtKS1cr95MwWGevQLzsQzBKUYHjDkibqsNcH4pkr14a14L3w8CyqYGrsQbdvCB8HPiumBfyQPMD2DqhLYQR9TRBu5jJJZcQvePf1VYYkcw', 'U2FsdGVkX19K92ridMtjECYjSAv7+7TYdI7hD7wr/zJMl+NqRN9F6HtFdgzzKLNDdg2MRPjzdkYhWp1KMtJYhXevSS47D37SdPtXDorQi7UBTWgSm0tdexwj34wxCYoBWsLmJwxNouZM3tRlCBI2lg==', 'XZgtKFVKdeKD7vAEPo7rSgkBLTFztshYEq', NULL, NULL, 'XE3C3wHDRCxcRU33rjnUmECRcJp4BCPmRu', NULL);
INSERT INTO public.users (id, created_at, updated_at, display_name, avatar_url, username, location, bio, website, email, full_name, address_index, pubkey, mnemonic, address, gaid, amp_mnemonic, multisig, amp_user_id) VALUES ('4be5416b-3328-4c79-8701-1271bf771e37', '2021-02-03 02:30:47.369876+00', '2021-02-03 02:30:47.369876+00', 'anond@liquidart.com', NULL, 'anond', NULL, NULL, NULL, NULL, 'anond', 0, 'tpubDGbuBWAuxstrMA7MoG43XxidPoJDK2LRuEi1rwTyu11sk3XxgxpLV2aX9xKCSexbowrpaqoeTzHim6MDkDfMEsyXQaHVGUp1DT3KbCpULgq', 'U2FsdGVkX1/KzDFJnGf2u14/VaLvgtcipdJQNel1m4kX98qvV7GOBnpqN8HJMn+J05kDkB2bBnke1RuiVWVEdOgUrJ4GIQOpSClBZSDlvnNmFp66sC5UpWx39+Qz2uKSOKjLmOUubgmKWnDLBnAFhQ==', 'XJEhkwyaC6TtcoAieAYW2MAAX5ZNyr1u4F', NULL, NULL, 'XEHTu3xxRS2zfHkGxWZrMinULFW9Vmwmxb', NULL);
INSERT INTO public.users (id, created_at, updated_at, display_name, avatar_url, username, location, bio, website, email, full_name, address_index, pubkey, mnemonic, address, gaid, amp_mnemonic, multisig, amp_user_id) VALUES ('0c126fc7-3f64-402f-b95c-32d47eae8190', '2021-02-03 02:31:36.780872+00', '2021-02-03 02:31:36.780872+00', 'real@emailadress.com', NULL, 'anond', NULL, NULL, NULL, NULL, 'anond', 0, 'tpubDGbuBWAuxstrMA7MoG43XxidPoJDK2LRuEi1rwTyu11sk3XxgxpLV2aX9xKCSexbowrpaqoeTzHim6MDkDfMEsyXQaHVGUp1DT3KbCpULgq', 'U2FsdGVkX1/KzDFJnGf2u14/VaLvgtcipdJQNel1m4kX98qvV7GOBnpqN8HJMn+J05kDkB2bBnke1RuiVWVEdOgUrJ4GIQOpSClBZSDlvnNmFp66sC5UpWx39+Qz2uKSOKjLmOUubgmKWnDLBnAFhQ==', 'XJEhkwyaC6TtcoAieAYW2MAAX5ZNyr1u4F', NULL, NULL, 'XEHTu3xxRS2zfHkGxWZrMinULFW9Vmwmxb', NULL);
INSERT INTO public.users (id, created_at, updated_at, display_name, avatar_url, username, location, bio, website, email, full_name, address_index, pubkey, mnemonic, address, gaid, amp_mnemonic, multisig, amp_user_id) VALUES ('af01454e-b2d3-4a80-930e-f02d57ca390b', '2021-02-03 02:32:09.050891+00', '2021-02-03 02:32:09.050891+00', 'reale@emailadress.com', NULL, 'anone', NULL, NULL, NULL, NULL, 'anond', 0, 'tpubDGbuBWAuxstrMA7MoG43XxidPoJDK2LRuEi1rwTyu11sk3XxgxpLV2aX9xKCSexbowrpaqoeTzHim6MDkDfMEsyXQaHVGUp1DT3KbCpULgq', 'U2FsdGVkX1/KzDFJnGf2u14/VaLvgtcipdJQNel1m4kX98qvV7GOBnpqN8HJMn+J05kDkB2bBnke1RuiVWVEdOgUrJ4GIQOpSClBZSDlvnNmFp66sC5UpWx39+Qz2uKSOKjLmOUubgmKWnDLBnAFhQ==', 'XJEhkwyaC6TtcoAieAYW2MAAX5ZNyr1u4F', NULL, NULL, 'XEHTu3xxRS2zfHkGxWZrMinULFW9Vmwmxb', NULL);
INSERT INTO public.users (id, created_at, updated_at, display_name, avatar_url, username, location, bio, website, email, full_name, address_index, pubkey, mnemonic, address, gaid, amp_mnemonic, multisig, amp_user_id) VALUES ('d6e3de3f-b311-4064-b512-cb8ab68e87e8', '2021-02-03 02:32:29.168132+00', '2021-02-03 02:32:29.168132+00', 'realef@emailadress.com', NULL, 'anonef', NULL, NULL, NULL, NULL, 'anond', 0, 'tpubDGbuBWAuxstrMA7MoG43XxidPoJDK2LRuEi1rwTyu11sk3XxgxpLV2aX9xKCSexbowrpaqoeTzHim6MDkDfMEsyXQaHVGUp1DT3KbCpULgq', 'U2FsdGVkX1/KzDFJnGf2u14/VaLvgtcipdJQNel1m4kX98qvV7GOBnpqN8HJMn+J05kDkB2bBnke1RuiVWVEdOgUrJ4GIQOpSClBZSDlvnNmFp66sC5UpWx39+Qz2uKSOKjLmOUubgmKWnDLBnAFhQ==', 'XJEhkwyaC6TtcoAieAYW2MAAX5ZNyr1u4F', NULL, NULL, 'XEHTu3xxRS2zfHkGxWZrMinULFW9Vmwmxb', NULL);
INSERT INTO auth.accounts (id, created_at, updated_at, user_id, active, email, new_email, password_hash, default_role, is_anonymous, custom_register_data, otp_secret, mfa_enabled, ticket, ticket_expires_at) VALUES ('56d98483-dfa4-43e7-8deb-7af11b266e82', '2021-01-28 21:20:46.065876+00', '2021-01-28 21:20:46.065876+00', '1a261999-c4eb-4ad6-b8dc-62e9cef9a4b5', true, 'anon@liquidart.com', NULL, '$2a$10$7yjevauw6v6Br6YGeaAM0uo4RHHh.gnaucNEtTVdJlwSswTm4fYaW', 'user', false, NULL, NULL, false, '3411217f-c5a3-4ec4-96a8-874997d0c89e', '2021-01-28 22:20:45.974+00');
INSERT INTO auth.accounts (id, created_at, updated_at, user_id, active, email, new_email, password_hash, default_role, is_anonymous, custom_register_data, otp_secret, mfa_enabled, ticket, ticket_expires_at) VALUES ('35193f16-bd73-4607-9c02-74fed6e3341f', '2021-01-28 22:31:11.560639+00', '2021-01-28 22:31:11.560639+00', 'd1ab8551-7a37-4cfa-8505-745ba5ff5452', true, 'bob@liquidart.com', NULL, '$2a$10$whT/5m7CMSimCSlXg.VmlevVjJQjmpZCdVs9Dtczhv5hh0E/3O4O.', 'user', false, NULL, NULL, false, 'bb443070-f031-44da-bfdf-d2c274af5a66', '2021-01-28 23:31:11.491+00');
INSERT INTO auth.accounts (id, created_at, updated_at, user_id, active, email, new_email, password_hash, default_role, is_anonymous, custom_register_data, otp_secret, mfa_enabled, ticket, ticket_expires_at) VALUES ('a8cb3ba5-cea5-4f49-b641-a185571a740c', '2021-01-28 23:27:05.878298+00', '2021-01-28 23:27:05.878298+00', '5acb90ed-55d3-474e-9b56-1704b309b7a8', true, 'don@liquidart.com', NULL, '$2a$10$jRakurvGsTOAK9k/SkZstuGrHpIcU2EX1uyQiuN5sBSZppHjIHokm', 'user', false, NULL, NULL, false, 'b9f67178-9d0e-46f3-8063-42a481c5938f', '2021-01-29 00:27:05.791+00');
INSERT INTO auth.accounts (id, created_at, updated_at, user_id, active, email, new_email, password_hash, default_role, is_anonymous, custom_register_data, otp_secret, mfa_enabled, ticket, ticket_expires_at) VALUES ('1f87108d-5597-42f8-9437-fc6463d05d36', '2021-01-28 23:28:26.264718+00', '2021-01-28 23:28:26.264718+00', '603d9fbf-9fde-4517-b9be-bc9f0c1d1b3d', true, 'ron@liquidart.com', NULL, '$2a$10$ru/S/YzeDDTmCEVPGvq62emW6ctzJMQOUYTdolV9g1J8LD9sufFba', 'user', false, NULL, NULL, false, '81c94fc0-bebd-4ad5-8d77-43773ae48ebb', '2021-01-29 00:28:26.193+00');
INSERT INTO auth.accounts (id, created_at, updated_at, user_id, active, email, new_email, password_hash, default_role, is_anonymous, custom_register_data, otp_secret, mfa_enabled, ticket, ticket_expires_at) VALUES ('f671f994-8616-4b87-86da-76b5b2f2f81e', '2021-02-03 02:30:23.874484+00', '2021-02-03 02:30:23.874484+00', '1e78bcbc-d470-430d-a4c8-17b01aab2639', true, 'anonc@liquidart.com', NULL, '$2a$10$wr9GhttuYmRapmyo5CejkuhVSCXavxtaKjcFk9Ovf.vEO33A8CxPy', 'user', false, NULL, NULL, false, 'e2d77a2a-c2ce-4655-81ff-02b873492008', '2021-02-03 03:30:23.801+00');
INSERT INTO auth.accounts (id, created_at, updated_at, user_id, active, email, new_email, password_hash, default_role, is_anonymous, custom_register_data, otp_secret, mfa_enabled, ticket, ticket_expires_at) VALUES ('1f997c89-19d8-49ac-9556-9b2204ffa35a', '2021-02-03 02:30:47.369876+00', '2021-02-03 02:30:47.369876+00', '4be5416b-3328-4c79-8701-1271bf771e37', true, 'anond@liquidart.com', NULL, '$2a$10$8BUK1JByT50PxUSRBMwvZek5emno3Gi/9KAOcOp24l0ty7UVZcNOC', 'user', false, NULL, NULL, false, '118afa67-2b92-4d51-987a-1a61aa19b3af', '2021-02-03 03:30:47.296+00');
INSERT INTO auth.accounts (id, created_at, updated_at, user_id, active, email, new_email, password_hash, default_role, is_anonymous, custom_register_data, otp_secret, mfa_enabled, ticket, ticket_expires_at) VALUES ('03c87cd1-799d-48ad-af7f-08abaa05c17f', '2021-02-03 02:31:36.780872+00', '2021-02-03 02:31:36.780872+00', '0c126fc7-3f64-402f-b95c-32d47eae8190', true, 'real@emailadress.com', NULL, '$2a$10$aZMpoIpB499JhcOfapH0SOWCiep3NvwFxrc8cMSddCVHRMdNtjhsa', 'user', false, NULL, NULL, false, 'b89ecb73-8c01-469a-9864-11fe5d9d023d', '2021-02-03 03:31:36.702+00');
INSERT INTO auth.accounts (id, created_at, updated_at, user_id, active, email, new_email, password_hash, default_role, is_anonymous, custom_register_data, otp_secret, mfa_enabled, ticket, ticket_expires_at) VALUES ('48b72dd5-f226-4dbb-89ff-b8a98700ac50', '2021-02-03 02:32:09.050891+00', '2021-02-03 02:32:09.050891+00', 'af01454e-b2d3-4a80-930e-f02d57ca390b', true, 'reale@emailadress.com', NULL, '$2a$10$OZ.jd9yzhWWRChJxl88QGeiFyDGU004844rHkqv6Owufb1.6HvYiy', 'user', false, NULL, NULL, false, '3d57ef58-9645-4755-b0c7-68300d54fc68', '2021-02-03 03:32:08.956+00');
INSERT INTO auth.accounts (id, created_at, updated_at, user_id, active, email, new_email, password_hash, default_role, is_anonymous, custom_register_data, otp_secret, mfa_enabled, ticket, ticket_expires_at) VALUES ('f9f42bef-6237-4e81-ab4f-2272bb444e30', '2021-02-03 02:32:29.168132+00', '2021-02-03 02:32:29.168132+00', 'd6e3de3f-b311-4064-b512-cb8ab68e87e8', true, 'realef@emailadress.com', NULL, '$2a$10$j7f5FaR5jjBoxWwyic47WO1rrJeFYaEosU7jzA0/6eq82xv.pSVAO', 'user', false, NULL, NULL, false, '83978a53-a683-4ca2-8a69-f9207dc58c94', '2021-02-03 03:32:29.092+00');
INSERT INTO auth.accounts (id, created_at, updated_at, user_id, active, email, new_email, password_hash, default_role, is_anonymous, custom_register_data, otp_secret, mfa_enabled, ticket, ticket_expires_at) VALUES ('a59c554b-87e9-438f-ad31-b5767001509a', '2021-02-04 04:14:39.246219+00', '2021-02-04 04:14:39.246219+00', '74fa9ed3-361c-4075-ab27-e390ccc21cb1', true, 'charlie@liquidart.com', NULL, '$2a$10$FOgM.lJDqUW8rKF3MgFcXeipuBKmdJZlROEULfk6ZuOkBf03MG51S', 'user', false, NULL, NULL, false, 'bf7aed1b-f821-42c5-b467-88bdae9f2331', '2021-02-04 05:14:39.172+00');
INSERT INTO auth.accounts (id, created_at, updated_at, user_id, active, email, new_email, password_hash, default_role, is_anonymous, custom_register_data, otp_secret, mfa_enabled, ticket, ticket_expires_at) VALUES ('ffe44fcc-7a23-416f-a70e-4a714ffad059', '2021-02-06 05:13:34.296248+00', '2021-02-06 05:13:34.296248+00', '3be4ce71-7022-4708-b949-fbfb8b88ccef', true, 'joe@liquidart.com', NULL, '$2a$10$7IieSNpUJHkUk7exIKC.heNZ10HW1.0e0gmzt3mXMzh7m2qw9vF/a', 'user', false, NULL, NULL, false, 'b1262c40-9ab6-4243-8d74-ad80f58b580c', '2021-02-06 06:13:34.221+00');
INSERT INTO auth.accounts (id, created_at, updated_at, user_id, active, email, new_email, password_hash, default_role, is_anonymous, custom_register_data, otp_secret, mfa_enabled, ticket, ticket_expires_at) VALUES ('e9c95db2-666f-452b-949d-29f7b8c2a783', '2021-02-06 05:14:42.48046+00', '2021-02-06 05:14:42.48046+00', '97ad8785-d7f9-4b4f-887e-e935cc767033', true, 'jon@liquidart.com', NULL, '$2a$10$wZUWpnIxk139OC65qHYZTeKqo7HaLaB.IvLaccTtwcQT9PN8Mp.FO', 'user', false, NULL, NULL, false, 'ea37938c-b5bf-4a4b-ab13-331ffc99b5bb', '2021-02-06 06:14:42.409+00');
INSERT INTO auth.account_roles (id, created_at, account_id, role) VALUES ('2604b2f7-161e-4dde-b3cc-dcdbcef6c1b3', '2021-01-28 21:20:46.065876+00', '56d98483-dfa4-43e7-8deb-7af11b266e82', 'user');
INSERT INTO auth.account_roles (id, created_at, account_id, role) VALUES ('49c64bd7-2fa0-4a2f-b0a6-4bd51ac41927', '2021-01-28 22:31:11.560639+00', '35193f16-bd73-4607-9c02-74fed6e3341f', 'user');
INSERT INTO auth.account_roles (id, created_at, account_id, role) VALUES ('c80891a2-5b3b-4819-8fa7-33d568cbf6c5', '2021-01-28 23:27:05.878298+00', 'a8cb3ba5-cea5-4f49-b641-a185571a740c', 'user');
INSERT INTO auth.account_roles (id, created_at, account_id, role) VALUES ('565d383b-f47d-4d8c-8d62-4217192eaaeb', '2021-01-28 23:28:26.264718+00', '1f87108d-5597-42f8-9437-fc6463d05d36', 'user');
INSERT INTO auth.account_roles (id, created_at, account_id, role) VALUES ('2476dbb8-a864-4c34-a396-9e9c990ff03c', '2021-02-03 02:30:23.874484+00', 'f671f994-8616-4b87-86da-76b5b2f2f81e', 'user');
INSERT INTO auth.account_roles (id, created_at, account_id, role) VALUES ('8f481a0c-03e9-45c6-ba20-9fc1d7b5edea', '2021-02-03 02:30:47.369876+00', '1f997c89-19d8-49ac-9556-9b2204ffa35a', 'user');
INSERT INTO auth.account_roles (id, created_at, account_id, role) VALUES ('5786d0c6-032c-41b3-8d72-8b00a97f5bc3', '2021-02-03 02:31:36.780872+00', '03c87cd1-799d-48ad-af7f-08abaa05c17f', 'user');
INSERT INTO auth.account_roles (id, created_at, account_id, role) VALUES ('f45b9766-5c41-4149-814c-a7f067563610', '2021-02-03 02:32:09.050891+00', '48b72dd5-f226-4dbb-89ff-b8a98700ac50', 'user');
INSERT INTO auth.account_roles (id, created_at, account_id, role) VALUES ('31425486-8b96-4525-9e60-80e55e017a9a', '2021-02-03 02:32:29.168132+00', 'f9f42bef-6237-4e81-ab4f-2272bb444e30', 'user');
INSERT INTO auth.account_roles (id, created_at, account_id, role) VALUES ('c21edaa4-44b8-40de-bfc9-49af27d9f9f5', '2021-02-04 04:14:39.246219+00', 'a59c554b-87e9-438f-ad31-b5767001509a', 'user');
INSERT INTO auth.account_roles (id, created_at, account_id, role) VALUES ('af19ecc9-5d97-4350-a2a7-489a43630d62', '2021-02-06 05:13:34.296248+00', 'ffe44fcc-7a23-416f-a70e-4a714ffad059', 'user');
INSERT INTO auth.account_roles (id, created_at, account_id, role) VALUES ('5c13010e-a3d7-4899-b698-c1a37e9d9886', '2021-02-06 05:14:42.48046+00', 'e9c95db2-666f-452b-949d-29f7b8c2a783', 'user');
INSERT INTO public.artworks (id, artist_id, title, owner_id, description, filename, created_at, list_price, transferred_at, asset, auction_end, list_price_tx, asking_asset, auction_start, editions, reserve_price, ticker, royalty, max_extensions, extension_interval, bid_increment, filetype) VALUES ('471fe07a-8d0d-4904-a3bf-94dd3fd47374', '1a261999-c4eb-4ad6-b8dc-62e9cef9a4b5', 'Callisto', '1a261999-c4eb-4ad6-b8dc-62e9cef9a4b5', '', 'QmbNSf3wDmzD9xmiK1d8eQSADMrUxvhYHMgkhn8esHShHE', '2021-02-10 20:45:26.950299+00', NULL, NULL, '0a8c461af4828274b6cd5b621e756d69ae142ba7a96e7c130dd9d4d3340ba4a3', NULL, NULL, NULL, NULL, 1, NULL, NULL, NULL, NULL, NULL, NULL, 'video/mp4');
INSERT INTO public.artworks (id, artist_id, title, owner_id, description, filename, created_at, list_price, transferred_at, asset, auction_end, list_price_tx, asking_asset, auction_start, editions, reserve_price, ticker, royalty, max_extensions, extension_interval, bid_increment, filetype) VALUES ('97d8e1c1-6201-4f32-9d53-d3af453434b0', '1a261999-c4eb-4ad6-b8dc-62e9cef9a4b5', 'Constant Bloom', '1a261999-c4eb-4ad6-b8dc-62e9cef9a4b5', '', 'QmVFAMfrSwk9LgfXJPR8c9CfWFSttjtnuvrZ6ecPiXQuWi', '2021-02-10 20:45:41.941065+00', NULL, NULL, 'ecd94a218557024122c7e9c554c31b222b31ec132d258f21080a508654134ce6', NULL, NULL, NULL, NULL, 1, NULL, NULL, NULL, NULL, NULL, NULL, 'video/mp4');
INSERT INTO public.artworks (id, artist_id, title, owner_id, description, filename, created_at, list_price, transferred_at, asset, auction_end, list_price_tx, asking_asset, auction_start, editions, reserve_price, ticker, royalty, max_extensions, extension_interval, bid_increment, filetype) VALUES ('f720c701-e846-43a2-8a62-876a804561fe', '1a261999-c4eb-4ad6-b8dc-62e9cef9a4b5', 'HODL', '1a261999-c4eb-4ad6-b8dc-62e9cef9a4b5', '', 'QmcGZKNXyciEaFd8nfqQXatEPinJzHqPqHhpzbKRwUxDdX', '2021-02-10 20:45:56.94529+00', NULL, NULL, 'feef47e7c85e23e2fea02ffcc00b482e156fd17666b9100b40307f2255d456f0', NULL, NULL, NULL, NULL, 1, NULL, NULL, NULL, NULL, NULL, NULL, 'image/jpeg');
INSERT INTO public.transactions (id, hash, artwork_id, type, amount, user_id, created_at, asset, psbt, confirmed, bid_id) VALUES ('0ad395d8-7de2-44fc-99e0-164ce3b8a7eb', '16fa968b1aa80f24da55ee9d4d16912779e9c2abfc99b265c0d8dfca9330bb95', 'f720c701-e846-43a2-8a62-876a804561fe', 'creation', 0, '1a261999-c4eb-4ad6-b8dc-62e9cef9a4b5', '2021-02-10 20:45:56.94529+00', NULL, NULL, true, NULL);
INSERT INTO public.transactions (id, hash, artwork_id, type, amount, user_id, created_at, asset, psbt, confirmed, bid_id) VALUES ('dfa35686-addb-44ba-bd4a-e2ffb7820490', 'ddcf924696457e59c7d44f63d45c91e41664423fbb346aa429b0c6d7cf2e9112', '471fe07a-8d0d-4904-a3bf-94dd3fd47374', 'creation', 0, '1a261999-c4eb-4ad6-b8dc-62e9cef9a4b5', '2021-02-10 20:45:26.950299+00', NULL, NULL, true, NULL);
INSERT INTO public.transactions (id, hash, artwork_id, type, amount, user_id, created_at, asset, psbt, confirmed, bid_id) VALUES ('5f7e3bab-b263-4458-8598-7e62915f40d2', 'bc205266e96a2262d5b4c80e2f36ae4a4d82d5b08ad9608d6140e3370c304d9e', '97d8e1c1-6201-4f32-9d53-d3af453434b0', 'creation', 0, '1a261999-c4eb-4ad6-b8dc-62e9cef9a4b5', '2021-02-10 20:45:41.941065+00', NULL, NULL, true, NULL);
