INSERT INTO public.users (id, created_at, updated_at, display_name, avatar_url, username, location, bio, website, email, full_name, address_index, pubkey, mnemonic, address, gaid, amp_mnemonic, multisig, amp_user_id, is_artist, is_admin, wallet_initialized) VALUES ('82beca22-0dac-475d-bd84-1a4daa112bc8', '2021-02-16 19:30:02.400708+00', '2021-02-16 19:30:03.119299+00', 'asoltys3@gmail.com', 'QmaWPFXcAcNPHnZTHjVjXQDcxtkrzd67feCxGjHk1hQi9B', 'anon4', NULL, NULL, NULL, NULL, 'anon4', 0, 'xpub6GA9qhqTZz73KbonYUX9wDyo1kdzfd9Hx1hqwPfvq4v7QK7DCr1JKigwTsyAK4Jkx8eR7hh3fNjZoDGCYpWbA6R37hQkAMiWENrS51EvvU6', 'U2FsdGVkX1/aoFh+NotEEkzQDyoC1dLOiAWatgXTDiGYuG3Iwqrh8SqB/CZzNFX2s38HFEMpbEiJRKS+meVWjFV4uawgDmxVjeGhCYY8XezZCepaXZp/Jbf7S2L2cCmjPO8VFtZQAqUBMbwpKx7EUEHiqXzPKGi3byW/51c/iQZVXDAXFHOmOkcBVwBhlddKYjjuHFj/Y3uEEjCgL6zhHzSXbWI6FjhEpi6kE29j6iA=', 'Gxh1pJQvte5FjBEAkiF6Sa9TUgd25TPWan', NULL, NULL, 'GnmfXCE4XLfBtfQ4SNbSn27xtVBswHqWmj', NULL, false, false, false);
INSERT INTO public.users (id, created_at, updated_at, display_name, avatar_url, username, location, bio, website, email, full_name, address_index, pubkey, mnemonic, address, gaid, amp_mnemonic, multisig, amp_user_id, is_artist, is_admin, wallet_initialized) VALUES ('257ef85d-9587-466e-8eed-da5e3bc73ad7', '2021-02-16 19:35:12.912789+00', '2021-02-16 19:35:13.735547+00', 'asoltys5@gmail.com', 'QmXSKFtkdGugsYb8rLokQHEYZmZaXSKYbBzKrmEAuCmjYQ', 'anonzz', NULL, NULL, NULL, NULL, 'anonzz', 0, 'xpub6GHGoqEKP8yfcPBJxs7bVLKQ2SHYvM3UEvLYmyqVHny9WwHNYveViDMvitMhVhpjnQTubi9L3mP8Vti7Y7GdFyvcMo4imn8RgRzHgRaZ7FJ', 'U2FsdGVkX1/DaioQvUplafZ2hzSFciYLaD1yGWovZ0LLPUvxnBVjL0ZHtKpQJI986wlHCQiAs2qZcbJ6CLN68bIyodDuutydMW/tkXmoLmZj7bLvxv+SMX5Z7h3e5UpgYebKIV34GOisHixxaRp7kwo0VEX+m2DxmhWuhxlDqv2Outbx2szMfdKrcUnmD0nJsrQvNEqpndk/j877k3kkSXr1Q+71WzjFnkqhNBEYYvg=', 'GqhYzAfkJWkWvD4yja8guVv1sXAqZHhSCL', NULL, NULL, 'GodEVVrwfj2Rep6TCqFT7JkeZ6sqKWW5e7', NULL, false, false, false);
INSERT INTO public.users (id, created_at, updated_at, display_name, avatar_url, username, location, bio, website, email, full_name, address_index, pubkey, mnemonic, address, gaid, amp_mnemonic, multisig, amp_user_id, is_artist, is_admin, wallet_initialized) VALUES ('e940c6ae-2b6b-4e01-8d9d-7f81f7aa2b6e', '2021-02-16 20:04:21.719212+00', '2021-02-16 20:04:23.966838+00', 'basoltys@gmail.com', 'QmQSd3hXBBaJZTnm3oCoc4NxiBLpES9Sypyug38hp2tJPi', 'banon', NULL, NULL, NULL, NULL, 'banon', 0, 'xpub6GJ511LP4e2PPSbPn9c49Fw24uScCwEaErmq2Bg1QBGNRLqJ3zjtwZbHbn7guokn2y37jLQ5Cd37kqb1zLdn1BwKyQj2WvJkuoPQXuxZWGF', 'U2FsdGVkX1/BSWkMgx3Hivd5ZhBXtySpNJqC8I7z/+xfJ/RAX5S1TZBXUA1lyh2lQZrtEsUUusII6k1RXGcfd2mG87Wndh1/+SyLVCdxoZ0GTlm/L2O6ELzk7YdpSqEgRzbYnxrjhU5T7OsL0TkdoMOUxU6SOQjQLOBdIDYuCLaWVUF2XCw+kuGKlS1T2fVcbDOGg317fQuTk7h4NZAj0G8kfHHF8WrZTu+LdxGCk8I=', 'GhP8FjQ26M43JYqrNfbyUXj7RaZ7uCfHqV', NULL, NULL, 'H6CDGunBXeqN6U14fuKnuVyYapFrWXjPPP', NULL, false, false, false);
INSERT INTO public.users (id, created_at, updated_at, display_name, avatar_url, username, location, bio, website, email, full_name, address_index, pubkey, mnemonic, address, gaid, amp_mnemonic, multisig, amp_user_id, is_artist, is_admin, wallet_initialized) VALUES ('85837ad7-a09d-40ea-b1dc-f0b21c0a1742', '2021-02-16 20:06:37.938862+00', '2021-02-16 20:06:38.645134+00', 'casoltys@gmail.com', 'QmZQqUFcFPw8s4Y9pDZzdUbJbCvsWUTzheKdhujhaBMVPt', 'anonc', NULL, NULL, NULL, NULL, 'anonc', 0, 'xpub6GHGympAxsVxeQo56oumugsX4nfpQAbuigkwWuiynCXErc7wHyu4NcuJKiBro6AdRe4gWAbiLZqn3zLR2ujYG1jjqouPx852Ut4YmbT1bgx', 'U2FsdGVkX19kB3rzhiVM7ROKddesSvzxVVN69wLD5eghhW+Opjo8A8ld0tyHUkPhpi9E0WhcEp6IjXOsxJBia+WrYVVE4GOMobw3BRityIz/c/Ej5H5Mj9Qx70j9WSA4XYSDvScMlYTAN9JbSljds21bEebPT5ePT7sQuFUN6eU5iZGFpn58jGZ5NMputZheWBgWfH/WaaNGnOLIjSJfVUwF1OutYC2j+p7u+M5N1H4=', 'H6MQoVVvJxAtAChJ4jMiKPXths7S2Dcupr', NULL, NULL, 'GqBL6nCApmsvFVBXm7GP5t9VjkPMCTqoWz', NULL, false, false, false);
INSERT INTO public.users (id, created_at, updated_at, display_name, avatar_url, username, location, bio, website, email, full_name, address_index, pubkey, mnemonic, address, gaid, amp_mnemonic, multisig, amp_user_id, is_artist, is_admin, wallet_initialized) VALUES ('9475c702-d300-4be7-a9e9-80e7bb366258', '2021-02-16 20:07:07.445801+00', '2021-02-16 20:07:08.083139+00', 'dasoltys@gmail.com', 'QmXbzMf462wpcfuEHhJBPe2AbGdeWL6LCvCPW8uk4GXA6V', 'anond', NULL, NULL, NULL, NULL, 'anond', 0, 'xpub6Fi29P9xbUqoyXJxqGNRViCFKbsHsA6BZKwJRt5tjoBZspAdKMCokKLJUT3ncrveoS1uxXzYBq7dmJKmVDbhGZFEYNorQAiZ6jLq6cVyESG', 'U2FsdGVkX1+kaGL6j9UpyIkGJGOT4UZKsykB+IiD0pG3tI4tQar58bp5r1jRzpBU83Tum4CIMGGRtY54d70FomG/6pQPZXu34WJi21KQgRUQ4gyEEm6HfSh4b/2qiJdbsSzbx0ZQjGuGJYo2b5yDgKc/e4b0OiIuE1w2DewBfo4790pGMaqgpVMBN0uyqtuze2oOZYVeTrRD0ZX6nqkWRw==', 'GpkoAzT3c3XjhjpPMFYMfbnUDgZhi9wrXb', NULL, NULL, 'H4E1aoQsTrpGtWfXdPBCgAoHpFTS3DvyXf', NULL, false, false, false);
INSERT INTO public.users (id, created_at, updated_at, display_name, avatar_url, username, location, bio, website, email, full_name, address_index, pubkey, mnemonic, address, gaid, amp_mnemonic, multisig, amp_user_id, is_artist, is_admin, wallet_initialized) VALUES ('d81434ed-a1bc-40b7-9bd8-408cc6592e2c', '2021-02-16 20:07:38.415601+00', '2021-02-16 20:07:39.075465+00', 'easoltys@gmail.com', 'QmQiZ5gdNnvdGn18zpNpSXtX5FaiBsuFuXAZNmrksizs9q', 'anone', NULL, NULL, NULL, NULL, 'anone', 0, 'xpub6Ge4Abs4QiRy6hp9AmNXkPi7Dj9fwjdSxasGW8KWGRrKP2UCyNig4zR5uedCZnaYsmkMkHCEdS3Noe1i2tqJL5uKTdoe3i4R2DbMvzUpih6', 'U2FsdGVkX18ymFMyF4bylboGtPjNYMHjchtGx1+jCIZs9Vz9OVAjlLHvAxRg/Kmb8Qsuyf05eEmB+sssZLHSPGO0UdqEhZ0GzHVt7YNlRIpkzz9U6u4ibwI/CkIE4rNwMmIjjblL2pZwv6fw8AQCr/E8vaRRJ5F9KrvyAdWd0C38Ej2op7nEkgYdCONecQ2pL5N+cZaaUiEZVr6leUjwWSAjb4zvQbRQypc523oOfxs=', 'GhUdbvMUY1ara6qYdyQoPCecfMNCyE2HQK', NULL, NULL, 'GkQkqnSnAwnKt2H1oJ49SCgbrruLkFgwN6', NULL, false, false, false);
INSERT INTO public.users (id, created_at, updated_at, display_name, avatar_url, username, location, bio, website, email, full_name, address_index, pubkey, mnemonic, address, gaid, amp_mnemonic, multisig, amp_user_id, is_artist, is_admin, wallet_initialized) VALUES ('5b75eae4-35d6-4289-b735-ce1aa78b0073', '2021-02-16 20:09:15.143814+00', '2021-02-16 20:09:15.876674+00', 'fasoltys@gmail.com', 'QmcBdCxAfjj58dm9HR8Q6uFhPGxC4JqYUjTBpBoH6b7S9v', 'anonf', NULL, NULL, NULL, NULL, 'anonf', 0, 'xpub6FrDdmGvxCwtCSkzjHmSCdxQzJYihDNPUirXaLxcf47sQTNfrvfVSEHe6cjSavugzriCWoNiKZMif5gZtbLRaLZiYqrVxA9gYZFFM5yfghX', 'U2FsdGVkX1+wiP0y4MpiW1y5Exkuy07qs7f/eZ5KFmLhmpGROH91e6+i7jEW3IJGFMlRCX5BTqH7jkxiot9ZlW05anFXlJcl00u24he73VgsN8X/RxaSZjt3ucCRvX67JmdTRXdG569/Q9ILPUJVti6AgSWBzHJRK4235B3ZNmSp+ctre9XE2YbbgLhlRYWmWNpkXdGQJ2QpDgRG9fm9F2YWge/lxCrh5cQM8Ra8M9A=', 'GxEugvegjLtTGUPotMWcno9b8GfaQ2mQYy', NULL, NULL, 'Gi43Xygi3CSsa4TDujcjcNq8vLmjZtnsXq', NULL, false, false, false);
INSERT INTO public.users (id, created_at, updated_at, display_name, avatar_url, username, location, bio, website, email, full_name, address_index, pubkey, mnemonic, address, gaid, amp_mnemonic, multisig, amp_user_id, is_artist, is_admin, wallet_initialized) VALUES ('877bfaa3-0510-4986-9289-023db70bf2c2', '2021-02-16 20:10:11.210207+00', '2021-02-16 20:10:11.896968+00', 'zasoltys@gmail.com', 'Qmeihp4t8pPLQEs5p4dbwsMcw4US29tK4SHm2EMkSz8dMo', 'zanon', NULL, NULL, NULL, NULL, 'zanon', 0, 'xpub6GBSfAb5tJXwBAUSCd1SD1dAWdq1aPD88W2MMH9XxQ5TPPxoziLPpTDwKX4U5Ko6P19zpdPnDLmN9h5uDuUPDknrwHE3SuqCMiD2RDtSr7w', 'U2FsdGVkX1+iPuy8nhi29J9jK0uOibnjqDbBWOKGNT9E6AF7c5KCzk4p6cTS7AlkCzJyORBI0c8yrDkrcvr0fPYltQ1ulk3fSAAhEC3Qq8f4YkZUhivexhhz99ZYJlLetir/iiEfhA+5vb0u6DjP5UtehwC69YNwN/gcpC0Lw1yNP1npNj4AyFZqn4j1yzCZBEEry1U1l7FZbSQYSKo23x2jGSWNFIfh6FZXFIfwsTY=', 'GypxhnEa9mSrJ2AXhrhoMEeieJRMnAgEAj', NULL, NULL, 'Goq2WqR1LQ4WNLntWZgDyaBLhvAKhmnHEQ', NULL, false, false, false);
INSERT INTO public.users (id, created_at, updated_at, display_name, avatar_url, username, location, bio, website, email, full_name, address_index, pubkey, mnemonic, address, gaid, amp_mnemonic, multisig, amp_user_id, is_artist, is_admin, wallet_initialized) VALUES ('0cef2cfe-6011-4229-aa00-36e2f8692e71', '2021-02-16 20:15:32.60784+00', '2021-02-16 20:15:33.319379+00', 'tasoltys@gmail.com', 'QmPwLNcYd1YosLNxrTe7rdg1Pye7dL5i5hnDiC4TWtZvNp', 'tanon', NULL, NULL, NULL, NULL, 'tanon', 0, 'xpub6Ff1czSEDA5MkELs1Rpbmyzk8Vxp12sodKFZHZKGL7VjuofkqrcdxeNKNpdUnfULcwex3h272JsFB1TWas14RDiMQ9NzeVRt2o6w1ViQtK6', 'U2FsdGVkX1+4qgzPBo9SvPF6l7IKmFypckcFDeNneQ74QHdOZsymgHoHWzZx4sXSS2H/PhpAXaE+33uw1c1AXLEAAUSD9/YJlGBbthL7bMi/pH8Wu1iMnVOfhNYv+/AEvFlTrGFWYRX4C+7XJyMi3fTgzV7xXHtYD9n7ZpsqtrxpkL2uwhJDdU/1iFXkiHuxGWbLnX2VyCGPOW55s73z9ciSnVleT9oZ+2nPdQbZNeQ=', 'GyEGHZPfJbcpKXxuSHvqyum4aypU4PnjVj', NULL, NULL, 'GvDB1xX4k2gBLET3m7vA5aWHgEc4ieuJZp', NULL, false, false, false);
INSERT INTO public.users (id, created_at, updated_at, display_name, avatar_url, username, location, bio, website, email, full_name, address_index, pubkey, mnemonic, address, gaid, amp_mnemonic, multisig, amp_user_id, is_artist, is_admin, wallet_initialized) VALUES ('c517b65c-b284-47a2-82a6-90f54313a964', '2021-02-16 20:16:30.171652+00', '2021-02-16 20:16:30.838243+00', 'qasoltys@gmail.com', 'QmQx7HBELrFptDYQnUhS1bEPKf4RYE8mr6FDrnyu7aJQxL', 'qanon', NULL, NULL, NULL, NULL, 'qanon', 0, 'xpub6HCwDFKdcGfovkC9bRDSSZ1EhahQBLH9bUbSNP7nAKwje4zrcbgGssiXphBH9ZXMweagAuR2QmxRDXeTf4yzF3huu9Xm54v4kCMdrux5h3R', 'U2FsdGVkX19v6fwcx5Yk6S3+ag0uawsBoxXIxR3rBjJL3Hig588xUHoUp+nWwN77loLjP62WqZURQ7Z+pdhIysEGx8Fnd7Fd7yNgNu/MTMYsybJ6m7exZJmuL4Cez3UqWOm+X4cvxdHoXQU1BQ/2gLh8f7SdvKdDf5R98WNr2Fs+Gjcnw9tG45EI2C024gCWsuwaZ0qE1f+p0pY5GiOZ99MWUW9zggvglNLZB3acdMQ=', 'GuaxYLgd4RSnuYHm76te3NEtRvnwvuAHoy', NULL, NULL, 'Go5yAmNUbjqrY15nh8jtutJYKhAGY8KNpn', NULL, false, false, false);
INSERT INTO public.users (id, created_at, updated_at, display_name, avatar_url, username, location, bio, website, email, full_name, address_index, pubkey, mnemonic, address, gaid, amp_mnemonic, multisig, amp_user_id, is_artist, is_admin, wallet_initialized) VALUES ('544b9ef5-fade-4266-ad89-16aeb8c13c67', '2021-02-16 20:16:48.664003+00', '2021-02-16 20:16:49.41588+00', 'zzasoltys@gmail.com', 'QmWhpd1ZLwP3Hdh2eS9h8c1x3zmgsVgVDg8b26RZdcvxNs', 'zzanon', NULL, NULL, NULL, NULL, 'zzanon', 0, 'xpub6FTB11VDPjsnvn4HvH6RQujZVFUGS4hN8u1ErhxjWVYYswPRtBqcQkk6yN5iMPWnK2vhR2xnFsyJNVca5S6gzN13bLZ6PZxXLzZGKL9R5Qa', 'U2FsdGVkX1+V4YWzLcHdxx7XkyICB/as+sckIb8WXnxHBSp71czi3kGy7D4tXX1ynQWrcO2SY72RkNdJeKmqY2xR9pg3ZQfEVjrwPfcxzVEt3nnIT7zIOc9IXSrxulnsavVST+7Yz7BVXPKMJfTNmrSCvypuEtJNI1Mi9AAslbepLVMs+JddQKDOOywaW22w+pDzjiM940r1oI6kqzFz1oiurT/ER5cnb9yR7UCLsE8=', 'GxtkM59UrZRoH7Fb1hUZWSrKPxHFoFuLw5', NULL, NULL, 'Gve55kinxRpGCc32HDT9TWYRdwt1kXpDpq', NULL, false, false, false);
INSERT INTO public.users (id, created_at, updated_at, display_name, avatar_url, username, location, bio, website, email, full_name, address_index, pubkey, mnemonic, address, gaid, amp_mnemonic, multisig, amp_user_id, is_artist, is_admin, wallet_initialized) VALUES ('bd36aa11-a536-4dba-811f-6422140d99ae', '2021-02-16 07:19:02.396629+00', '2021-02-16 07:19:02.489271+00', 'asoltys2@gmail.com', 'Qme8cD1ji1yZHmWBgPyQXGVA5V8NX4DWwkKJ6EiCve7917', 'anonb', NULL, NULL, NULL, NULL, 'anonb', 0, 'xpub6FTb1P5v6bG3vBT28FNZrgmxX33G4t7Xfqr9iFSb3yBVVuHfrYfE96iJe1UhfQLNrC1b3dhYeAHspTjs28r3DnKzUGrvDBxymhGukhsdk2n', 'U2FsdGVkX18kbAf1RUgBmWWs/PmZ7L8oZKN6C6kZ4kKxy5U+w180FYCs3ri8xP8SAZxoWUNPkifN++Gwl0T8qhEzdgW3pcsTc7wQUykg1F7Mf5avOOuER1zgnL2l41V1bwN/2MR7HU7T3fPcp7+K1GHLBtdiJjatHMKgtxoPD+yRCHRy5HIy1fmwbdHY19DWzvHPX7rT3TnQbt2XPb/xB0N11yfWC/v73UrTQ0XhHXk=', 'Gsb4rZg4ZdYWC21XueumcdPTRrnwuik91u', NULL, NULL, 'GqwneNuQbVP4Npe2APiAFens5SqiwEV8up', NULL, false, false, false);
INSERT INTO public.users (id, created_at, updated_at, display_name, avatar_url, username, location, bio, website, email, full_name, address_index, pubkey, mnemonic, address, gaid, amp_mnemonic, multisig, amp_user_id, is_artist, is_admin, wallet_initialized) VALUES ('854e93d4-96be-49ab-af47-02db4a21e238', '2021-02-16 20:18:11.013001+00', '2021-02-16 20:18:11.684986+00', 'qqqasoltys@gmail.com', 'QmPJzyxbhP9KTuqpWjLdUhaQeQL8YzRbrJ9jKddA6ZQrKn', 'qqqanon', NULL, NULL, NULL, NULL, 'qqqanon', 0, 'xpub6G1UXpji81swwUtnGAEzUmVYxZvzvLWZXYngfM9AgJ9C6W9BkafK22ZkzW4Y19TjeZTQZpaqCyYp1Vd6amm9e8mQCYDfWrHSekrxRCVYhsT', 'U2FsdGVkX1/gGe2t62MNQP27QSkqYxMmyNGUkEm3kRqx1Ngus5YdwyKEZSG+GC7k2HqNPHnBRXx+Kxb+Dh/BmmgEvSf/NBgKnDmlLKcrSv38H9JWWmCM3z6z5VgPHMpuEgeQSdsWhEexUGztHZGRO8Od6AMMaRnPNuw2kEt3E2VAijcSiU7dajJCpihlntSNCH7Lx9gg5kbb29lYBUQ9AAbarZoRnCor2KQqWpipMGE=', 'GkuPtZLeqEnFMFBjKzAk1uDzXJLModRavy', NULL, NULL, 'GzTVqmF2RDSZo76YFRfJBsMkFmiKtLferb', NULL, false, false, false);
INSERT INTO public.users (id, created_at, updated_at, display_name, avatar_url, username, location, bio, website, email, full_name, address_index, pubkey, mnemonic, address, gaid, amp_mnemonic, multisig, amp_user_id, is_artist, is_admin, wallet_initialized) VALUES ('e27594e1-c935-41ea-bb5d-33d9359a877d', '2021-02-16 23:21:50.396479+00', '2021-02-16 23:23:52.647662+00', 'zzrasoltys@gmail.com', 'QmNZ23nZTLyfcofEqJrUC79LbsUCwd3Abqq3He9kN75Apm', 'zzr', NULL, NULL, NULL, NULL, 'zzr', 0, 'xpub6G9x3KUFTQ6vkvDepQSJcKoSrzXRVBMZBTeWd8X1j5YZHbE7wwVCm5gtNADBRBY1L2sCthhYFnDDP4rykEhxeK84RJ1xGh8Nssgh9LMpKtk', 'U2FsdGVkX19CErwExO2EowDRZUxDQXs47R8mwOrL0xs5eoSV8R4myPMvsaaoDan/0EzeBu/g30yoEJH1Oaexe3BN3+zC2ksnzwKakQQOyZJR0tWxX0+RDgP9a5KOzdk/ioE7ScXNRL4VTkHgFYFXrO+4EnhvCTednrN0eXI3brjChuGfKXrFFAjQpSgILibXSqN4u/ZhQJWQEzviGVgoIEZ2iXQMPJQOs0IrrCimGMI=', 'H2dKHnBXXZu52iP2gMTaYnL5iTfn4Qrwra', NULL, NULL, 'GsCX68yW7uUxFk8jZyneuSbdj4MCghgtjv', NULL, false, false, false);
INSERT INTO public.users (id, created_at, updated_at, display_name, avatar_url, username, location, bio, website, email, full_name, address_index, pubkey, mnemonic, address, gaid, amp_mnemonic, multisig, amp_user_id, is_artist, is_admin, wallet_initialized) VALUES ('26dc5be4-896a-4f5f-a52a-d4e798ad24bc', '2021-02-16 07:12:31.261826+00', '2021-02-16 23:40:37.254176+00', 'asoltys@gmail.com', 'QmPWNKTj8V5fPQgKQY1ufJtJq4yGBbeWc8A1RMmLFRNTvw', 'anon', NULL, NULL, NULL, NULL, 'anon', 0, 'xpub6GBDnKrLcLQrH5FBa14CBJF2or56Hq3TUoUsBeHAx3FZjWd39iVwrjjuoUx7PiKTV6G1E1ttA9gBU4J9Ntu9XFB7fW5END2dFwJ3pohRxfZ', 'U2FsdGVkX1+v61kbfM95sFvo0PXWZs035xb/unJmZUH1710EL2+f/T7nEbfmnbQ/3fM+gS3LXUjUSfAMAF9RfGeimnkGs2EJ+JemgID9Ozr8w91gzMKkfPvoKPxTQDsOzCqGxu2uo0CzsRPMONHagtJhMH88iWh1+QfpU66gpYq0Ol5tjn7Ar3Hp1xWhPvFMpI/QGpdnDCRhjwBqmXkdn1NRwjUZa4Pv5ZW+l5aUDd0=', 'GkcZ3V1NDRLwntTd2Z6jPByh3iEs1nitFa', NULL, NULL, 'GrVcgLHmS59WYKBdZq3BDh5tLme1wkRS8R', NULL, true, true, false);
INSERT INTO public.users (id, created_at, updated_at, display_name, avatar_url, username, location, bio, website, email, full_name, address_index, pubkey, mnemonic, address, gaid, amp_mnemonic, multisig, amp_user_id, is_artist, is_admin, wallet_initialized) VALUES ('d649699a-48b8-4bca-ab5f-f3ea7bf723f2', '2021-02-16 23:40:48.564787+00', '2021-02-16 23:40:55.98147+00', 'rararaasoltys@gmail.com', 'QmUPwYGF9ANfgnkAEiKoEpfogGU88e1URBRTgoUmn5Qw6Y', 'rarara', NULL, NULL, NULL, NULL, 'rarara', 0, 'xpub6H7AEgPuWRN7MuHVyodV1XDwerZ1NFANThbYxmrLkgzDFkBJ4qaoLsK21hu4XVzYpgQf78zBdDEYHXKvudTe8odDyXwARXGGenFAHRFbzAZ', 'U2FsdGVkX1/rAKod2odT+p45IjPmzvrjaWnZN1yAmNY5Ef8CHgGZvNeFocrtFE7+LUkar6rxBjSjc5VhfW0SDiAmpOK0JFKC1u0CuwddyiOzwB6EOAlfuYS1YXkeXPbKrv87x3C/OHFtzL5sczNMTLVoYfsa6rGqJHFDH7CiUYkBBKMEfMpHi0kbkyKzi1Wt0ppHbBOAJsqWrfsRY04UcigXT/jgkkDcjbnL2AE6sF4=', 'GxbaNGiLQKo9bQmMACyzqEjosTJR51Nn7S', NULL, NULL, 'GmPk91aB7UwUsDKxoysn7bDEd5ZMP9uivE', NULL, false, false, false);
INSERT INTO auth.accounts (id, created_at, updated_at, user_id, active, email, new_email, password_hash, default_role, is_anonymous, custom_register_data, otp_secret, mfa_enabled, ticket, ticket_expires_at) VALUES ('9fb314f4-0e1d-4f92-9ee4-87a97c64a61e', '2021-02-16 07:12:31.261826+00', '2021-02-16 07:12:31.261826+00', '26dc5be4-896a-4f5f-a52a-d4e798ad24bc', true, 'asoltys@gmail.com', NULL, '$2a$10$SJo2c.OfF/ETO01z9j27E.85Whw8BSc0NOWVECwHdY8XBuG5poj9i', 'user', false, NULL, NULL, false, 'feea159a-fc85-4430-bdd0-2d37fdc5662d', '2021-02-16 08:12:31.191+00');
INSERT INTO auth.accounts (id, created_at, updated_at, user_id, active, email, new_email, password_hash, default_role, is_anonymous, custom_register_data, otp_secret, mfa_enabled, ticket, ticket_expires_at) VALUES ('d78db382-00e8-4801-844a-67eba9fa3a69', '2021-02-16 07:19:02.396629+00', '2021-02-16 07:19:02.396629+00', 'bd36aa11-a536-4dba-811f-6422140d99ae', true, 'asoltys2@gmail.com', NULL, '$2a$10$OAYfg.3zYBM6GcRbFKdemO.61thihEcmcUfiJ0oNTn.UOW1T69NrS', 'user', false, NULL, NULL, false, '5269545c-05ea-42fc-aa52-73c9f8e16ac4', '2021-02-16 08:19:02.325+00');
INSERT INTO auth.accounts (id, created_at, updated_at, user_id, active, email, new_email, password_hash, default_role, is_anonymous, custom_register_data, otp_secret, mfa_enabled, ticket, ticket_expires_at) VALUES ('2ca807b8-7303-432e-9ff3-bdc810e009c9', '2021-02-16 19:30:02.400708+00', '2021-02-16 19:30:02.400708+00', '82beca22-0dac-475d-bd84-1a4daa112bc8', true, 'asoltys3@gmail.com', NULL, '$2a$10$bLXZytttEb85PT0Zyw6CEO/o/W5pJkiU61I24j6l0ZxsQFVVEA4xW', 'user', false, NULL, NULL, false, 'e4f8ae07-4b06-4817-9f70-d14e2bd6c876', '2021-02-16 20:30:02.328+00');
INSERT INTO auth.accounts (id, created_at, updated_at, user_id, active, email, new_email, password_hash, default_role, is_anonymous, custom_register_data, otp_secret, mfa_enabled, ticket, ticket_expires_at) VALUES ('dc8ce584-3f97-46d6-bf34-5c3199105058', '2021-02-16 19:35:12.912789+00', '2021-02-16 19:35:12.912789+00', '257ef85d-9587-466e-8eed-da5e3bc73ad7', true, 'asoltys5@gmail.com', NULL, '$2a$10$rgrwhfXHUthvCmMsNEV.B.1mXHbTdu2/nun8G2YXyIBrqqmQOZvgC', 'user', false, NULL, NULL, false, '9b8fa6d2-0113-4ffd-8658-f75cfe1555ce', '2021-02-16 20:35:12.84+00');
INSERT INTO auth.accounts (id, created_at, updated_at, user_id, active, email, new_email, password_hash, default_role, is_anonymous, custom_register_data, otp_secret, mfa_enabled, ticket, ticket_expires_at) VALUES ('b5525a4d-203e-4aaa-8383-512bb6cae43b', '2021-02-16 20:04:21.719212+00', '2021-02-16 20:04:21.719212+00', 'e940c6ae-2b6b-4e01-8d9d-7f81f7aa2b6e', true, 'basoltys@gmail.com', NULL, '$2a$10$BjE0VkfgtxqrW2WP5zDtfedH6C5QWlm71c4qi6OQ5V6GqbUngpEi6', 'user', false, NULL, NULL, false, '45ac27fd-43c5-4ff8-8f5e-a695cdd25efb', '2021-02-16 21:04:21.646+00');
INSERT INTO auth.accounts (id, created_at, updated_at, user_id, active, email, new_email, password_hash, default_role, is_anonymous, custom_register_data, otp_secret, mfa_enabled, ticket, ticket_expires_at) VALUES ('1e9215e6-a9a7-4418-837b-4610a00877c1', '2021-02-16 20:06:37.938862+00', '2021-02-16 20:06:37.938862+00', '85837ad7-a09d-40ea-b1dc-f0b21c0a1742', true, 'casoltys@gmail.com', NULL, '$2a$10$mFm8Tokk6zfvHyZN7FB5CeQXGG5/RwrNa13PCUNOV2y7UB4kyk6EO', 'user', false, NULL, NULL, false, 'e8b33bd0-7b55-43b2-98fa-d5a742bd5a95', '2021-02-16 21:06:37.867+00');
INSERT INTO auth.accounts (id, created_at, updated_at, user_id, active, email, new_email, password_hash, default_role, is_anonymous, custom_register_data, otp_secret, mfa_enabled, ticket, ticket_expires_at) VALUES ('dfeaee6d-fddd-4172-911b-4212d87a1490', '2021-02-16 20:07:07.445801+00', '2021-02-16 20:07:07.445801+00', '9475c702-d300-4be7-a9e9-80e7bb366258', true, 'dasoltys@gmail.com', NULL, '$2a$10$LHooeQL/8qXF58zjDPvUx.IiuqH3uMY24S1MR5WPhr50cQcdKswkq', 'user', false, NULL, NULL, false, 'a1766692-53d7-4ab5-8511-4ce9217a9942', '2021-02-16 21:07:07.374+00');
INSERT INTO auth.accounts (id, created_at, updated_at, user_id, active, email, new_email, password_hash, default_role, is_anonymous, custom_register_data, otp_secret, mfa_enabled, ticket, ticket_expires_at) VALUES ('36ac730e-d52b-4938-90d0-84e09736369a', '2021-02-16 20:07:38.415601+00', '2021-02-16 20:07:38.415601+00', 'd81434ed-a1bc-40b7-9bd8-408cc6592e2c', true, 'easoltys@gmail.com', NULL, '$2a$10$Kn2NA4wJn3RnyqJiONOonunk0D.9I4aREvqIsIbxTKOfQfrP87VHy', 'user', false, NULL, NULL, false, '178d2c63-baa1-456a-97c4-4ac77df1ea3e', '2021-02-16 21:07:38.343+00');
INSERT INTO auth.accounts (id, created_at, updated_at, user_id, active, email, new_email, password_hash, default_role, is_anonymous, custom_register_data, otp_secret, mfa_enabled, ticket, ticket_expires_at) VALUES ('0e5e2a83-daa6-40de-8852-7d827e07efdf', '2021-02-16 20:09:15.143814+00', '2021-02-16 20:09:15.143814+00', '5b75eae4-35d6-4289-b735-ce1aa78b0073', true, 'fasoltys@gmail.com', NULL, '$2a$10$7n5XftDQL/kvXTn9X9GPguscorYHvVSa0PT9GAt4qkocuzkFRyDz2', 'user', false, NULL, NULL, false, '4719890f-7c5e-4564-81a3-9c5bac734eef', '2021-02-16 21:09:15.073+00');
INSERT INTO auth.accounts (id, created_at, updated_at, user_id, active, email, new_email, password_hash, default_role, is_anonymous, custom_register_data, otp_secret, mfa_enabled, ticket, ticket_expires_at) VALUES ('d40b8e60-8cfe-41ba-a281-9ebc8063d46b', '2021-02-16 20:10:11.210207+00', '2021-02-16 20:10:11.210207+00', '877bfaa3-0510-4986-9289-023db70bf2c2', true, 'zasoltys@gmail.com', NULL, '$2a$10$cPFC2XSU6AsChq9S.ysj3.2CbC4Q9wT1CW56cLF1/SFlocar6J8QC', 'user', false, NULL, NULL, false, 'da1eddfc-1687-4cae-9834-f61cd8949f64', '2021-02-16 21:10:11.139+00');
INSERT INTO auth.accounts (id, created_at, updated_at, user_id, active, email, new_email, password_hash, default_role, is_anonymous, custom_register_data, otp_secret, mfa_enabled, ticket, ticket_expires_at) VALUES ('78f1b9ec-f026-4ca5-9882-40fdca834e26', '2021-02-16 20:15:32.60784+00', '2021-02-16 20:15:32.60784+00', '0cef2cfe-6011-4229-aa00-36e2f8692e71', true, 'tasoltys@gmail.com', NULL, '$2a$10$BiLuTZXoWLvwuulFDNEBJ.NfOBUl5ZrrjnztyVMmWyNKTg3iVIJUa', 'user', false, NULL, NULL, false, '04b8e687-28bc-4817-ac33-3f7513fcc0b1', '2021-02-16 21:15:32.536+00');
INSERT INTO auth.accounts (id, created_at, updated_at, user_id, active, email, new_email, password_hash, default_role, is_anonymous, custom_register_data, otp_secret, mfa_enabled, ticket, ticket_expires_at) VALUES ('504b7527-f012-4be5-b421-150d91963829', '2021-02-16 20:16:30.171652+00', '2021-02-16 20:16:30.171652+00', 'c517b65c-b284-47a2-82a6-90f54313a964', true, 'qasoltys@gmail.com', NULL, '$2a$10$Cmp8xdOwnGEtwIZs9bhhkeZ4CfzX1BwAC9RkR3O4zSekszhWDPtuq', 'user', false, NULL, NULL, false, '97fd6dc6-7481-4be5-8db7-ee4e6d128be7', '2021-02-16 21:16:30.097+00');
INSERT INTO auth.accounts (id, created_at, updated_at, user_id, active, email, new_email, password_hash, default_role, is_anonymous, custom_register_data, otp_secret, mfa_enabled, ticket, ticket_expires_at) VALUES ('41694205-ee93-4064-8bda-aff33ec5274d', '2021-02-16 20:16:48.664003+00', '2021-02-16 20:16:48.664003+00', '544b9ef5-fade-4266-ad89-16aeb8c13c67', true, 'zzasoltys@gmail.com', NULL, '$2a$10$bTErqCx2dcwTv0gjr79gFueNPqvFnzP8wPUemeOijlzbpZMobgvHy', 'user', false, NULL, NULL, false, 'a2485557-d9f3-4271-8989-dc7a56b48b8d', '2021-02-16 21:16:48.593+00');
INSERT INTO auth.accounts (id, created_at, updated_at, user_id, active, email, new_email, password_hash, default_role, is_anonymous, custom_register_data, otp_secret, mfa_enabled, ticket, ticket_expires_at) VALUES ('6d55b752-3d6f-40de-858f-72c266df796e', '2021-02-16 20:18:11.013001+00', '2021-02-16 20:18:11.013001+00', '854e93d4-96be-49ab-af47-02db4a21e238', true, 'qqqasoltys@gmail.com', NULL, '$2a$10$uroNyZR2.2BhwveO786a1eJ8bbpsDkbiPAHdbUJf86fOZdyoKlXo6', 'user', false, NULL, NULL, false, '24ccde83-eddc-4fa8-b95b-ab4403288ac1', '2021-02-16 21:18:10.936+00');
INSERT INTO auth.accounts (id, created_at, updated_at, user_id, active, email, new_email, password_hash, default_role, is_anonymous, custom_register_data, otp_secret, mfa_enabled, ticket, ticket_expires_at) VALUES ('afb3bb3e-bca8-4f35-91ac-75d5d598f190', '2021-02-16 23:21:50.396479+00', '2021-02-16 23:21:50.396479+00', 'e27594e1-c935-41ea-bb5d-33d9359a877d', true, 'zzrasoltys@gmail.com', NULL, '$2a$10$GvEz73tSjvJlT5TP61tPKe0drW33b/XA3CcIMrSm8MKw4s3v.W64.', 'user', false, NULL, NULL, false, 'a4943860-8b6a-4500-9b13-664b9bb52f32', '2021-02-17 00:21:50.323+00');
INSERT INTO auth.accounts (id, created_at, updated_at, user_id, active, email, new_email, password_hash, default_role, is_anonymous, custom_register_data, otp_secret, mfa_enabled, ticket, ticket_expires_at) VALUES ('0d15471c-46dc-4deb-9bb7-801334aae297', '2021-02-16 23:40:48.564787+00', '2021-02-16 23:40:48.564787+00', 'd649699a-48b8-4bca-ab5f-f3ea7bf723f2', true, 'rararaasoltys@gmail.com', NULL, '$2a$10$BveCKY8KQNcOS.DhZ5hYUObwj3H9NopdpfyirX2J8Xs26PpZl3tJC', 'user', false, NULL, NULL, false, '68c5ae6c-7a3a-4d35-a4f9-448cf9152340', '2021-02-17 00:40:48.494+00');
INSERT INTO auth.account_roles (id, created_at, account_id, role) VALUES ('0da2f597-d0cd-48d7-9538-411e19cb753b', '2021-02-16 07:12:31.261826+00', '9fb314f4-0e1d-4f92-9ee4-87a97c64a61e', 'user');
INSERT INTO auth.account_roles (id, created_at, account_id, role) VALUES ('ba7bf0e9-f684-4932-86e9-6d22d482df54', '2021-02-16 07:19:02.396629+00', 'd78db382-00e8-4801-844a-67eba9fa3a69', 'user');
INSERT INTO auth.account_roles (id, created_at, account_id, role) VALUES ('1ee48347-fe32-44a9-ae8a-629327774690', '2021-02-16 19:30:02.400708+00', '2ca807b8-7303-432e-9ff3-bdc810e009c9', 'user');
INSERT INTO auth.account_roles (id, created_at, account_id, role) VALUES ('619976b2-839f-491f-a767-36fec05517d3', '2021-02-16 19:35:12.912789+00', 'dc8ce584-3f97-46d6-bf34-5c3199105058', 'user');
INSERT INTO auth.account_roles (id, created_at, account_id, role) VALUES ('80661dc7-ea16-4ae6-9c4d-990e69567d27', '2021-02-16 20:04:21.719212+00', 'b5525a4d-203e-4aaa-8383-512bb6cae43b', 'user');
INSERT INTO auth.account_roles (id, created_at, account_id, role) VALUES ('920349c4-1a02-46b2-a162-664cc1d6730c', '2021-02-16 20:06:37.938862+00', '1e9215e6-a9a7-4418-837b-4610a00877c1', 'user');
INSERT INTO auth.account_roles (id, created_at, account_id, role) VALUES ('ddcf7078-b770-421b-976d-4f6827d6e163', '2021-02-16 20:07:07.445801+00', 'dfeaee6d-fddd-4172-911b-4212d87a1490', 'user');
INSERT INTO auth.account_roles (id, created_at, account_id, role) VALUES ('90167047-9b49-4f0f-85fe-8a3533e9c649', '2021-02-16 20:07:38.415601+00', '36ac730e-d52b-4938-90d0-84e09736369a', 'user');
INSERT INTO auth.account_roles (id, created_at, account_id, role) VALUES ('d35bba94-3de4-4add-9b99-a80dc783a9b5', '2021-02-16 20:09:15.143814+00', '0e5e2a83-daa6-40de-8852-7d827e07efdf', 'user');
INSERT INTO auth.account_roles (id, created_at, account_id, role) VALUES ('c741d46f-43ba-4245-843c-3800bbb4b30e', '2021-02-16 20:10:11.210207+00', 'd40b8e60-8cfe-41ba-a281-9ebc8063d46b', 'user');
INSERT INTO auth.account_roles (id, created_at, account_id, role) VALUES ('131d7c0b-4929-49ea-84a4-bcf4b7c0ef22', '2021-02-16 20:15:32.60784+00', '78f1b9ec-f026-4ca5-9882-40fdca834e26', 'user');
INSERT INTO auth.account_roles (id, created_at, account_id, role) VALUES ('c4d58a1e-96fe-4f51-b02a-dc2da8861ce5', '2021-02-16 20:16:30.171652+00', '504b7527-f012-4be5-b421-150d91963829', 'user');
INSERT INTO auth.account_roles (id, created_at, account_id, role) VALUES ('ea6da3f3-9b58-4c07-bb03-18837774c33d', '2021-02-16 20:16:48.664003+00', '41694205-ee93-4064-8bda-aff33ec5274d', 'user');
INSERT INTO auth.account_roles (id, created_at, account_id, role) VALUES ('4c0a3e3a-b5e2-4049-a96f-5a475d54d468', '2021-02-16 20:18:11.013001+00', '6d55b752-3d6f-40de-858f-72c266df796e', 'user');
INSERT INTO auth.account_roles (id, created_at, account_id, role) VALUES ('c37bcc9c-16b0-488e-8e7f-fdcef08b66c4', '2021-02-16 23:21:50.396479+00', 'afb3bb3e-bca8-4f35-91ac-75d5d598f190', 'user');
INSERT INTO auth.account_roles (id, created_at, account_id, role) VALUES ('a208d8e8-276b-426b-a171-afae4e5f9d59', '2021-02-16 23:40:48.564787+00', '0d15471c-46dc-4deb-9bb7-801334aae297', 'user');
INSERT INTO public.artworks (id, artist_id, title, owner_id, description, filename, created_at, list_price, transferred_at, asset, auction_end, list_price_tx, asking_asset, auction_start, editions, reserve_price, ticker, royalty, max_extensions, extension_interval, bid_increment, filetype) VALUES ('0e761a8b-e18f-480a-b7b2-e06ae2554f0e', '26dc5be4-896a-4f5f-a52a-d4e798ad24bc', 'Late Night', '26dc5be4-896a-4f5f-a52a-d4e798ad24bc', '', 'QmRFKm4pBjfhUhsRgskS4jSRsJvKko5Gx1e7rVSb2n6f9w', '2021-02-17 19:03:04.478251+00', NULL, NULL, 'd6f5f0125c5b6f57e3b7f15c3602d4488fbd88f43791d469e54e3802d63d827d', NULL, NULL, NULL, NULL, 1, NULL, NULL, NULL, NULL, NULL, NULL, 'video/mp4');
INSERT INTO public.artworks (id, artist_id, title, owner_id, description, filename, created_at, list_price, transferred_at, asset, auction_end, list_price_tx, asking_asset, auction_start, editions, reserve_price, ticker, royalty, max_extensions, extension_interval, bid_increment, filetype) VALUES ('8ed4c8a2-d251-4839-942f-7052fa204e51', '26dc5be4-896a-4f5f-a52a-d4e798ad24bc', 'Jazz', '26dc5be4-896a-4f5f-a52a-d4e798ad24bc', '', 'QmbNSsf1Q6bxb8Lq3HfsekffLqbF6K6r2DGFefruvY5Agq', '2021-02-17 19:03:56.182465+00', NULL, NULL, '914fb7b41a3f81f36ab1b349c95430970455296569048b0909847b0230a279d5', NULL, NULL, NULL, NULL, 1, NULL, NULL, NULL, NULL, NULL, NULL, 'image/png');
INSERT INTO public.transactions (id, hash, artwork_id, type, amount, user_id, created_at, asset, psbt, confirmed, bid_id, contract) VALUES ('b9497f69-dc84-42d6-8466-9997b763dc44', '453045fb2ee4ba2e4f308e9a23281f8b7759c23a73bf53b9425e6d0d2a971342', '0e761a8b-e18f-480a-b7b2-e06ae2554f0e', 'creation', 0, '26dc5be4-896a-4f5f-a52a-d4e798ad24bc', '2021-02-17 19:03:04.478251+00', 'd6f5f0125c5b6f57e3b7f15c3602d4488fbd88f43791d469e54e3802d63d827d', 'cHNldP8BAP1fAQIAAAAAAeecH9Sn/nneB8c6n3d1X++Sck/mKVZRlpWeyaOhy/tcAQAAgAD/////AAAAAAAAAAAAAAAAAAAAAAAAAAAAAAAAAAAAAAAAAAD2C3e+uhsqYzhY93EHFIp5PYdnGk3SZeM2G+dKqUCqIwEAAAAAAAAAAQAEAW1SHDjsHqFXNK4it8RgZEEoKcDQV58KcT0cBO3peQJvAQAAAAAAAABkAAABbVIcOOweoVc0riK3xGBkQSgpwNBXnwpxPRwE7el5Am8BAAAAAAAAAAAAA2oBAAFtUhw47B6hVzSuIrfEYGRBKCnA0FefCnE9HATt6XkCbwEAAAAAAAAFmAAXqRQlpCWxkameTADqgF0608owy6GeZYcBfYI91gI4TuVp1JE39Ii9j0jUAjZc8bfjV29bXBLw9dYBAAAAAAAAAAEAF6kUJaQlsZGpnkwA6oBdOtPKMMuhnmWHAAAAAAABAUMBbVIcOOweoVc0riK3xGBkQSgpwNBXnwpxPRwE7el5Am8BAAAAAAAABfwAF6kUJaQlsZGpnkwA6oBdOtPKMMuhnmWHAQcXFgAUAwGGJK/ju37q9CLx4V2zAaLQpQQBCGwCSDBFAiEAsAAdHJj5cKma0NJDI0CZUmBKVRDq+P7cFnc9ALdEuioCIGf7hagp7lO4Rx6JFAl2tms2/1MpR0xp/WGdTuv0vdNxASEC0MHhccvekC+Vyca+pYjLLFhC8gKJgZusFoBK/R9soUgAAAAAAA==', false, NULL, '{"entity":{"domain":"anon.localhost"},"issuer_pubkey":"02d0c1e171cbde902f95c9c6bea588cb2c5842f20289819bac16804afd1f6ca148","name":"Late Night","precision":0,"version":0}');
INSERT INTO public.transactions (id, hash, artwork_id, type, amount, user_id, created_at, asset, psbt, confirmed, bid_id, contract) VALUES ('bfe712fd-8f1c-45ff-8483-0984f27ae501', '7341700bb830ea1ceb06db24d3956bf0784e1247132b9c32e7961ae9ac2c5b77', '8ed4c8a2-d251-4839-942f-7052fa204e51', 'creation', 0, '26dc5be4-896a-4f5f-a52a-d4e798ad24bc', '2021-02-17 19:03:56.182465+00', '914fb7b41a3f81f36ab1b349c95430970455296569048b0909847b0230a279d5', 'cHNldP8BAP1fAQIAAAAAAUITlyoNbV5CuVO/czrCWXeLHygjmo4wTy665C77RTBFAgAAgAD/////AAAAAAAAAAAAAAAAAAAAAAAAAAAAAAAAAAAAAAAAAAC7HFFdIVU2BR2xidKeGewh3bBoiwh/b6y3VIot4hb5BgEAAAAAAAAAAQAEAW1SHDjsHqFXNK4it8RgZEEoKcDQV58KcT0cBO3peQJvAQAAAAAAAABkAAABbVIcOOweoVc0riK3xGBkQSgpwNBXnwpxPRwE7el5Am8BAAAAAAAAAAAAA2oBAAFtUhw47B6hVzSuIrfEYGRBKCnA0FefCnE9HATt6XkCbwEAAAAAAAAFNAAXqRQlpCWxkameTADqgF0608owy6GeZYcB1XmiMAJ7hAkJiwRpZSlVBJcwVMlJs7Fq84E/GrS3T5EBAAAAAAAAAAEAF6kUJaQlsZGpnkwA6oBdOtPKMMuhnmWHAAAAAAABAUMBbVIcOOweoVc0riK3xGBkQSgpwNBXnwpxPRwE7el5Am8BAAAAAAAABZgAF6kUJaQlsZGpnkwA6oBdOtPKMMuhnmWHAQcXFgAUAwGGJK/ju37q9CLx4V2zAaLQpQQBCGwCSDBFAiEAlHqTLAlNF2wkSz9u0X2gkaF4JPrEvSWTRuqoFq/QPhsCIGdQbN3636/LVRwDTt5RCdrDd+D9CyzPQWQKpLhhDcsbASEC0MHhccvekC+Vyca+pYjLLFhC8gKJgZusFoBK/R9soUgAAAAAAA==', false, NULL, '{"entity":{"domain":"anon.localhost"},"issuer_pubkey":"02d0c1e171cbde902f95c9c6bea588cb2c5842f20289819bac16804afd1f6ca148","name":"Jazz","precision":0,"version":0}');
