DELETE FROM public.transactions;
DELETE FROM public.tags;
DELETE FROM public.artworks;
DELETE FROM public.addresses;
DELETE FROM public.users;
DELETE FROM auth.account_roles;
DELETE FROM auth.accounts;

INSERT INTO public.users (id, created_at, updated_at, username, avatar_url, display_name, location, bio, website, email, full_name, balance) VALUES ('d9320c4a-2542-4717-869b-73fa3ef7222e', '2020-12-01 22:28:24.792575+00', '2020-12-01 22:48:52.397791+00', 'alice', '/api/storage/o/public/provincial-health-officer-bonnie-henry.jpg', 'alice@liquidart.com', NULL, NULL, NULL, NULL, 'alice', 0);
INSERT INTO public.users (id, created_at, updated_at, username, avatar_url, display_name, location, bio, website, email, full_name, balance) VALUES ('f0db1abc-15c9-433a-9235-a61638b4e28c', '2020-12-01 22:49:15.760907+00', '2020-12-02 00:06:48.49671+00', 'bob', '/api/storage/o/public/EnPTsv2XUAEeOFN.jpeg', 'bob@liquidart.com', NULL, 'I am bob', 'bob.com', NULL, 'bob', 1);
INSERT INTO public.users (id, created_at, updated_at, username, avatar_url, display_name, location, bio, website, email, full_name, balance) VALUES ('fd74ffbc-d7fb-48d1-bcd8-097a092b1b23', '2020-12-02 00:35:15.929163+00', '2020-12-02 00:35:42.221391+00', 'charlie', '/api/storage/o/public/syd-barrett-crazy-diamond-.jpg', 'charlie@liquidart.com', NULL, 'Charlie', NULL, NULL, 'charlie', 0);
INSERT INTO public.users (id, created_at, updated_at, username, avatar_url, display_name, location, bio, website, email, full_name, balance) VALUES ('c98b0729-4d55-4ffb-84c2-4feccd81d261', '2020-12-02 01:04:38.128341+00', '2020-12-02 01:05:01.421456+00', 'dave', '/api/storage/o/public/how-the-grinch-stole-christmas-remake.jpg', 'dave@liquidart.com', 'vancouver', NULL, NULL, NULL, 'Dave Fullname', 0);
INSERT INTO public.users (id, created_at, updated_at, username, avatar_url, display_name, location, bio, website, email, full_name, balance) VALUES ('58ac7629-c734-49f2-ae66-f113e53f03b2', '2020-11-29 04:23:06.540216+00', '2020-12-02 01:15:07.81742+00', 'anon', '/api/storage/o/public/provincial-health-officer-bonnie-henry.jpg', 'anon@liquidart.com', 'Vancouver', NULL, NULL, NULL, 'Anon', 10);


INSERT INTO auth.accounts (id, created_at, updated_at, user_id, active, email, new_email, password_hash, default_role, is_anonymous, custom_register_data, otp_secret, mfa_enabled, ticket, ticket_expires_at) VALUES ('bf4aadd9-50b1-4402-ac2c-45dbab16e5cd', '2020-11-29 04:23:06.540216+00', '2020-11-29 04:23:06.540216+00', '58ac7629-c734-49f2-ae66-f113e53f03b2', true, 'anon@liquidart.com', NULL, '$2a$10$ayrP7/OhvKWNIf4E2I2aauASHNrj6Lb1sj.PsXl7k6nlBceNL2YYy', 'user', false, NULL, NULL, false, '633a17e2-b204-4466-bc86-5722dcbfe7f0', '2020-11-29 05:23:06.443+00');
INSERT INTO auth.accounts (id, created_at, updated_at, user_id, active, email, new_email, password_hash, default_role, is_anonymous, custom_register_data, otp_secret, mfa_enabled, ticket, ticket_expires_at) VALUES ('f78abbb4-55f2-4b8e-b8ff-b3a489ede213', '2020-12-01 22:28:24.792575+00', '2020-12-01 22:28:24.792575+00', 'd9320c4a-2542-4717-869b-73fa3ef7222e', true, 'alice@liquidart.com', NULL, '$2a$10$48RBFvW0rvr5f/pL0CgFxuEtbpk0Sk5i2Wkm7dXHTBBYnYEfZszFW', 'user', false, NULL, NULL, false, '3a5e2fac-6dde-47a5-9fad-7ef112ffc342', '2020-12-01 23:28:24.694+00');
INSERT INTO auth.accounts (id, created_at, updated_at, user_id, active, email, new_email, password_hash, default_role, is_anonymous, custom_register_data, otp_secret, mfa_enabled, ticket, ticket_expires_at) VALUES ('95a8ba26-3566-486f-aadf-b623578d559e', '2020-12-01 22:49:15.760907+00', '2020-12-01 22:49:15.760907+00', 'f0db1abc-15c9-433a-9235-a61638b4e28c', true, 'bob@liquidart.com', NULL, '$2a$10$.ZrrqEg/zBKzTVaS4M4NS.8LPFUloCGlpMazrq0qnYGTYoWgQGlO6', 'user', false, NULL, NULL, false, '95cc4ecf-a6ed-4e4d-821a-64accc8bbe32', '2020-12-01 23:49:15.668+00');
INSERT INTO auth.accounts (id, created_at, updated_at, user_id, active, email, new_email, password_hash, default_role, is_anonymous, custom_register_data, otp_secret, mfa_enabled, ticket, ticket_expires_at) VALUES ('3fc7bdff-e689-4e65-bddb-48ed67ab1852', '2020-12-02 00:35:15.929163+00', '2020-12-02 00:35:15.929163+00', 'fd74ffbc-d7fb-48d1-bcd8-097a092b1b23', true, 'charlie@liquidart.com', NULL, '$2a$10$9fYQ0dNrXokI.7SCi1liteQn29BAlVbSegcw4YDB6eeoEqClt4HGC', 'user', false, NULL, NULL, false, '442979a5-2c5b-4f70-b4a2-52d7ab5eb52f', '2020-12-02 01:35:15.836+00');
INSERT INTO auth.accounts (id, created_at, updated_at, user_id, active, email, new_email, password_hash, default_role, is_anonymous, custom_register_data, otp_secret, mfa_enabled, ticket, ticket_expires_at) VALUES ('2e6e8c5b-2f3f-414f-8ca8-3a622751ba7b', '2020-12-02 01:04:38.128341+00', '2020-12-02 01:04:38.128341+00', 'c98b0729-4d55-4ffb-84c2-4feccd81d261', true, 'dave@liquidart.com', NULL, '$2a$10$SOm.d8epLnqWd7gqecb60O0U3Nfo9ab4bSvNYSqM9.B4ZtbklTaze', 'user', false, NULL, NULL, false, '75bdea4e-c339-4709-a9d4-cc978dde1253', '2020-12-02 02:04:38.027+00');


INSERT INTO auth.account_roles (id, created_at, account_id, role) VALUES ('0ec9cd1e-7516-4a5f-8844-ab3d98e6511e', '2020-11-29 04:23:06.540216+00', 'bf4aadd9-50b1-4402-ac2c-45dbab16e5cd', 'user');
INSERT INTO auth.account_roles (id, created_at, account_id, role) VALUES ('a90f8508-3464-41f1-8d9c-375b51b62148', '2020-12-01 22:28:24.792575+00', 'f78abbb4-55f2-4b8e-b8ff-b3a489ede213', 'user');
INSERT INTO auth.account_roles (id, created_at, account_id, role) VALUES ('fe39f97f-423f-4b21-bc4b-49085c077b89', '2020-12-01 22:49:15.760907+00', '95a8ba26-3566-486f-aadf-b623578d559e', 'user');
INSERT INTO auth.account_roles (id, created_at, account_id, role) VALUES ('8a8690a0-0e0d-47c4-8f15-d4d9aab538cd', '2020-12-02 00:35:15.929163+00', '3fc7bdff-e689-4e65-bddb-48ed67ab1852', 'user');
INSERT INTO auth.account_roles (id, created_at, account_id, role) VALUES ('43f18597-9bbe-414f-9555-8fecc2de5a56', '2020-12-02 01:04:38.128341+00', '2e6e8c5b-2f3f-414f-8ca8-3a622751ba7b', 'user');



INSERT INTO public.artworks (id, artist_id, title, owner_id, description, filename, created_at, list_price, transferred_at, asset) VALUES ('40585b78-ec02-401f-8ef3-1474d2aaf783', '58ac7629-c734-49f2-ae66-f113e53f03b2', '', '58ac7629-c734-49f2-ae66-f113e53f03b2', '', 'EnPTsv2XUAEeOFN.jpeg', '2020-11-29 04:27:20.457511+00', NULL, NULL, NULL);
INSERT INTO public.artworks (id, artist_id, title, owner_id, description, filename, created_at, list_price, transferred_at, asset) VALUES ('cd15f134-285f-4f74-9863-c2e8e4b21d62', '58ac7629-c734-49f2-ae66-f113e53f03b2', 'Citadel', '58ac7629-c734-49f2-ae66-f113e53f03b2', '', 'EnE-HN4XEAAPn3b.jpeg', '2020-11-29 04:27:45.583425+00', NULL, NULL, NULL);
INSERT INTO public.artworks (id, artist_id, title, owner_id, description, filename, created_at, list_price, transferred_at, asset) VALUES ('9addc302-a6e3-4764-a357-a05587cff898', '58ac7629-c734-49f2-ae66-f113e53f03b2', 'Bread Line', '58ac7629-c734-49f2-ae66-f113e53f03b2', '', 'Bread-Line_full.gif', '2020-11-29 04:28:32.863971+00', 2, NULL, NULL);
INSERT INTO public.artworks (id, artist_id, title, owner_id, description, filename, created_at, list_price, transferred_at, asset) VALUES ('da8c4006-02fe-4350-80c8-21194e2f019a', 'f0db1abc-15c9-433a-9235-a61638b4e28c', 'Scarce', 'f0db1abc-15c9-433a-9235-a61638b4e28c', '', 'IMG_3067_4_960x.webp', '2020-12-01 23:28:12.493431+00', NULL, NULL, '8e8870842270f612682bdd2696c4be53b1b9f2a8069076851cb40aaecd38bf15');
INSERT INTO public.artworks (id, artist_id, title, owner_id, description, filename, created_at, list_price, transferred_at, asset) VALUES ('62b729c7-f49d-49e7-bf14-eefe33b84859', 'f0db1abc-15c9-433a-9235-a61638b4e28c', 'Drips', 'f0db1abc-15c9-433a-9235-a61638b4e28c', '', 'dripsclearbackground_960x.webp', '2020-12-01 23:28:47.165684+00', NULL, NULL, 'c6a06536c1e20343be5fb10b90521b13b696e1f8f20ea2f029072be76666f76e');
INSERT INTO public.artworks (id, artist_id, title, owner_id, description, filename, created_at, list_price, transferred_at, asset) VALUES ('e76b453b-9631-4268-8cf2-a2b30e709b75', 'd9320c4a-2542-4717-869b-73fa3ef7222e', 'Elevations', 'd9320c4a-2542-4717-869b-73fa3ef7222e', '', 'elevations-6.mp4', '2020-12-01 23:29:07.50791+00', NULL, NULL, 'b90dd18014356f8d98595dd60299ba2c924cc5053968e8025ab60e6d8838fe36');
INSERT INTO public.artworks (id, artist_id, title, owner_id, description, filename, created_at, list_price, transferred_at, asset) VALUES ('df1014d3-d446-4047-88fe-739de265269d', 'd9320c4a-2542-4717-869b-73fa3ef7222e', 'Jazz Token', 'd9320c4a-2542-4717-869b-73fa3ef7222e', 'Tokens', 'jazz-token-44.png', '2020-12-01 23:29:38.271159+00', 14, NULL, '58d78051e92f5c1ea96133bc21101c33f8c892f35b0574d17dd929dfa7758004');
INSERT INTO public.artworks (id, artist_id, title, owner_id, description, filename, created_at, list_price, transferred_at, asset) VALUES ('dacec16a-7b63-4195-ae0f-f3b9efad75b4', 'f0db1abc-15c9-433a-9235-a61638b4e28c', 'Callisto Core', 'f0db1abc-15c9-433a-9235-a61638b4e28c', '', 'callisto-core.mp4', '2020-12-02 00:21:31.299141+00', NULL, NULL, '8ef7144ecd249de5d7869f351e24c154f63c6e9f7d635a7fd1b4c3484e51bc87');
INSERT INTO public.artworks (id, artist_id, title, owner_id, description, filename, created_at, list_price, transferred_at, asset) VALUES ('94c47224-a09f-453e-8cd7-722c912aeeef', 'f0db1abc-15c9-433a-9235-a61638b4e28c', 'Syd Barrett', 'f0db1abc-15c9-433a-9235-a61638b4e28c', '', 'syd-barrett-crazy-diamond-.jpg', '2020-12-02 00:21:57.688271+00', NULL, NULL, '84d95d10e23c36aca9ed45d84480c345eb46fc3a2e8b9acaddd24ec40a2de8d8');
INSERT INTO public.artworks (id, artist_id, title, owner_id, description, filename, created_at, list_price, transferred_at, asset) VALUES ('9da522dc-0604-4dc8-9b09-075da7744133', '58ac7629-c734-49f2-ae66-f113e53f03b2', 'Late Night Trip', '58ac7629-c734-49f2-ae66-f113e53f03b2', 'Spinning triangle', 'SR_LATENIGHTTRIP_MBSJQ_2000X2000PX.mp4', '2020-11-29 04:28:14.424545+00', 5, NULL, NULL);
INSERT INTO public.artworks (id, artist_id, title, owner_id, description, filename, created_at, list_price, transferred_at, asset) VALUES ('08016838-0d06-4862-b953-f2dadf21720a', 'd9320c4a-2542-4717-869b-73fa3ef7222e', 'Bloom', '58ac7629-c734-49f2-ae66-f113e53f03b2', '', 'constant-bloom.mp4', '2020-12-01 23:29:20.222773+00', 0, '2020-12-02 00:34:38.141201+00', '69b6191a80a5d08edf2f9eb222769084da79ceab2e200633e03078b9bdcaaf12');
INSERT INTO public.artworks (id, artist_id, title, owner_id, description, filename, created_at, list_price, transferred_at, asset) VALUES ('c7c949b5-d421-44f3-9bed-336d29da9845', 'fd74ffbc-d7fb-48d1-bcd8-097a092b1b23', 'Astronauts', 'fd74ffbc-d7fb-48d1-bcd8-097a092b1b23', '', '1280px-STS-116_spacewalk_1.jpg', '2020-12-02 00:36:04.807568+00', NULL, NULL, 'ba041ceb6f6f02848b42d65cc47a044b55f1ed7e6879350016ad27745ef09b4d');
INSERT INTO public.artworks (id, artist_id, title, owner_id, description, filename, created_at, list_price, transferred_at, asset) VALUES ('9a10e579-730c-40f0-9f05-e70dfdf0d4dc', 'c98b0729-4d55-4ffb-84c2-4feccd81d261', 'Abstract Pool of Colors', '58ac7629-c734-49f2-ae66-f113e53f03b2', '', 'wait-for-me.mp4', '2020-12-02 01:08:16.336877+00', 0, '2020-12-02 01:11:33.592892+00', 'b0ce8c9211ad50c080c8c0c633cb4c7d9007d1620d5384299391864a6fe57ba4');


INSERT INTO public.tags (artwork_id, tag) VALUES ('9addc302-a6e3-4764-a357-a05587cff898', 'digital');
INSERT INTO public.tags (artwork_id, tag) VALUES ('9addc302-a6e3-4764-a357-a05587cff898', 'glitch');
INSERT INTO public.tags (artwork_id, tag) VALUES ('9addc302-a6e3-4764-a357-a05587cff898', '3d');
INSERT INTO public.tags (artwork_id, tag) VALUES ('9addc302-a6e3-4764-a357-a05587cff898', 'abstract');
INSERT INTO public.tags (artwork_id, tag) VALUES ('62b729c7-f49d-49e7-bf14-eefe33b84859', '3d');
INSERT INTO public.tags (artwork_id, tag) VALUES ('62b729c7-f49d-49e7-bf14-eefe33b84859', 'abstract');
INSERT INTO public.tags (artwork_id, tag) VALUES ('df1014d3-d446-4047-88fe-739de265269d', 'glitch');
INSERT INTO public.tags (artwork_id, tag) VALUES ('df1014d3-d446-4047-88fe-739de265269d', '3d');
INSERT INTO public.tags (artwork_id, tag) VALUES ('dacec16a-7b63-4195-ae0f-f3b9efad75b4', 'digital');
INSERT INTO public.tags (artwork_id, tag) VALUES ('dacec16a-7b63-4195-ae0f-f3b9efad75b4', 'abstract');
INSERT INTO public.tags (artwork_id, tag) VALUES ('08016838-0d06-4862-b953-f2dadf21720a', 'glitch');
INSERT INTO public.tags (artwork_id, tag) VALUES ('9da522dc-0604-4dc8-9b09-075da7744133', 'digital');
INSERT INTO public.tags (artwork_id, tag) VALUES ('9a10e579-730c-40f0-9f05-e70dfdf0d4dc', 'glitch');
INSERT INTO public.tags (artwork_id, tag) VALUES ('9a10e579-730c-40f0-9f05-e70dfdf0d4dc', '3d');


INSERT INTO public.transactions (id, hash, artwork_id, type, amount, user_id, created_at) VALUES ('03d118d9-b8d0-441e-826f-edf86404c178', '12345', '40585b78-ec02-401f-8ef3-1474d2aaf783', 'creation', 0, '58ac7629-c734-49f2-ae66-f113e53f03b2', '2020-11-29 04:27:20.457511+00');
INSERT INTO public.transactions (id, hash, artwork_id, type, amount, user_id, created_at) VALUES ('8d463f32-5e8e-439c-b3b6-d469c0bb34de', '12345', 'cd15f134-285f-4f74-9863-c2e8e4b21d62', 'creation', 0, '58ac7629-c734-49f2-ae66-f113e53f03b2', '2020-11-29 04:27:45.583425+00');
INSERT INTO public.transactions (id, hash, artwork_id, type, amount, user_id, created_at) VALUES ('a0366b11-6941-420d-aa6f-a945c110cf7c', '12345', '9da522dc-0604-4dc8-9b09-075da7744133', 'creation', 0, '58ac7629-c734-49f2-ae66-f113e53f03b2', '2020-11-29 04:28:14.424545+00');
INSERT INTO public.transactions (id, hash, artwork_id, type, amount, user_id, created_at) VALUES ('994159cd-7a00-4498-b762-56bf81c32ffe', '12345', '9addc302-a6e3-4764-a357-a05587cff898', 'creation', 0, '58ac7629-c734-49f2-ae66-f113e53f03b2', '2020-11-29 04:28:32.863971+00');
INSERT INTO public.transactions (id, hash, artwork_id, type, amount, user_id, created_at) VALUES ('c5284b28-fd07-41a3-8650-4ba8109a24f1', '9d383613e843f5d36f9499553e9c51d055c374e83474314910e4327906abb3f7', 'da8c4006-02fe-4350-80c8-21194e2f019a', 'creation', 0, 'f0db1abc-15c9-433a-9235-a61638b4e28c', '2020-12-01 23:28:12.493431+00');
INSERT INTO public.transactions (id, hash, artwork_id, type, amount, user_id, created_at) VALUES ('ea428f11-d13a-4fa6-b173-ba27f3319dd7', '06c3ade9edd03d70749359e4fca2c472849d88077dbece5ce6ec183e72cc9588', '62b729c7-f49d-49e7-bf14-eefe33b84859', 'creation', 0, 'f0db1abc-15c9-433a-9235-a61638b4e28c', '2020-12-01 23:28:47.165684+00');
INSERT INTO public.transactions (id, hash, artwork_id, type, amount, user_id, created_at) VALUES ('0754fa4c-36d9-4be4-b8d5-2fe7d59753ea', '3e8d53ec6fc0ef0c1a6571759940e44777c3db9b63dedfe1818564a4fe128d44', 'e76b453b-9631-4268-8cf2-a2b30e709b75', 'creation', 0, 'd9320c4a-2542-4717-869b-73fa3ef7222e', '2020-12-01 23:29:07.50791+00');
INSERT INTO public.transactions (id, hash, artwork_id, type, amount, user_id, created_at) VALUES ('03c63e23-e2a7-47bb-9582-e95092088aee', 'eb2be60c3f1f3839eca131ebb10c5a04859daaf3f1fc6a3011c99f7f0592b731', '08016838-0d06-4862-b953-f2dadf21720a', 'creation', 0, 'd9320c4a-2542-4717-869b-73fa3ef7222e', '2020-12-01 23:29:20.222773+00');
INSERT INTO public.transactions (id, hash, artwork_id, type, amount, user_id, created_at) VALUES ('adba8992-df48-46e6-8124-257677720582', '66c92389dcd565d35b69f6a003e022793b1a2bdb1cecf15f8e8b7a8c8b182e3f', 'df1014d3-d446-4047-88fe-739de265269d', 'creation', 0, 'd9320c4a-2542-4717-869b-73fa3ef7222e', '2020-12-01 23:29:38.271159+00');
INSERT INTO public.transactions (id, hash, artwork_id, type, amount, user_id, created_at) VALUES ('da71146a-a3dc-4ba2-bcab-5517cc8859c9', '12345', 'da8c4006-02fe-4350-80c8-21194e2f019a', 'bid', 3, 'd9320c4a-2542-4717-869b-73fa3ef7222e', '2020-12-01 23:33:15.077503+00');
INSERT INTO public.transactions (id, hash, artwork_id, type, amount, user_id, created_at) VALUES ('c0162515-d7cd-49af-bb17-4dd550ee935b', '12345', '08016838-0d06-4862-b953-f2dadf21720a', 'purchase', 10, 'f0db1abc-15c9-433a-9235-a61638b4e28c', '2020-12-02 00:02:19.948632+00');
INSERT INTO public.transactions (id, hash, artwork_id, type, amount, user_id, created_at) VALUES ('ef0f463c-62e6-4347-a32b-0a6dfb84d708', '40627117b0342df2897d243110deb73ccd90f8969cb7d133e716e5c8e5decf8b', 'dacec16a-7b63-4195-ae0f-f3b9efad75b4', 'creation', 0, 'f0db1abc-15c9-433a-9235-a61638b4e28c', '2020-12-02 00:21:31.299141+00');
INSERT INTO public.transactions (id, hash, artwork_id, type, amount, user_id, created_at) VALUES ('6df923d9-387e-437f-a592-c229f79817ed', 'e4c36b5341afb901aec43a3f15dc04c92a5d4f118b1a5441c037266520cfb37b', '94c47224-a09f-453e-8cd7-722c912aeeef', 'creation', 0, 'f0db1abc-15c9-433a-9235-a61638b4e28c', '2020-12-02 00:21:57.688271+00');
INSERT INTO public.transactions (id, hash, artwork_id, type, amount, user_id, created_at) VALUES ('a06fa41d-120b-4ff5-8172-946c7c3b1b05', '12345', '08016838-0d06-4862-b953-f2dadf21720a', 'bid', 1, '58ac7629-c734-49f2-ae66-f113e53f03b2', '2020-12-02 00:24:14.001804+00');
INSERT INTO public.transactions (id, hash, artwork_id, type, amount, user_id, created_at) VALUES ('19facf91-32a4-482a-b170-6c6047c2058b', '', '08016838-0d06-4862-b953-f2dadf21720a', 'accept', 1, 'f0db1abc-15c9-433a-9235-a61638b4e28c', '2020-12-02 00:34:38.141201+00');
INSERT INTO public.transactions (id, hash, artwork_id, type, amount, user_id, created_at) VALUES ('ebbeaafa-6b34-43e4-b355-2089bdb35c0c', 'c8e14530852fa3df59dc499187caf5be74e9fb323f787bc554a6ab48f64ac261', 'c7c949b5-d421-44f3-9bed-336d29da9845', 'creation', 0, 'fd74ffbc-d7fb-48d1-bcd8-097a092b1b23', '2020-12-02 00:36:04.807568+00');
INSERT INTO public.transactions (id, hash, artwork_id, type, amount, user_id, created_at) VALUES ('478080ac-b13e-4cff-a9fd-f288ca23693d', 'aa88322b29b7293f16dafd87da9c6f3337a9763df05414965a6a413b86303935', '9a10e579-730c-40f0-9f05-e70dfdf0d4dc', 'creation', 0, 'c98b0729-4d55-4ffb-84c2-4feccd81d261', '2020-12-02 01:08:16.336877+00');
INSERT INTO public.transactions (id, hash, artwork_id, type, amount, user_id, created_at) VALUES ('e240585b-164a-4276-adf6-edad6d233d52', '12345', '9a10e579-730c-40f0-9f05-e70dfdf0d4dc', 'bid', 3, '58ac7629-c734-49f2-ae66-f113e53f03b2', '2020-12-02 01:11:04.41111+00');
INSERT INTO public.transactions (id, hash, artwork_id, type, amount, user_id, created_at) VALUES ('530ecfa6-b5b0-411c-9341-0a77efde2e3b', '', '9a10e579-730c-40f0-9f05-e70dfdf0d4dc', 'accept', 3, 'c98b0729-4d55-4ffb-84c2-4feccd81d261', '2020-12-02 01:11:33.592892+00');
INSERT INTO public.transactions (id, hash, artwork_id, type, amount, user_id, created_at) VALUES ('58c359dd-238d-40e7-9a1e-a3f9edb4ba2c', '12345', '62b729c7-f49d-49e7-bf14-eefe33b84859', 'bid', 4, '58ac7629-c734-49f2-ae66-f113e53f03b2', '2020-12-02 02:44:12.917444+00');
